{"accuracy_top-1": 82.97872161865234, "precision": 85.87121212121212, "recall": 84.4973544973545, "f1_score": 83.71762740183793, "confusion": [[8, 0, 0, 0, 0, 0], [0, 9, 0, 0, 0, 0], [0, 0, 4, 0, 0, 0], [3, 0, 0, 5, 0, 1], [0, 0, 0, 0, 8, 2], [0, 0, 0, 0, 2, 5]], "pred_score": [0.9995216131210327, 0.9894794821739197, 0.9999980926513672, 0.762109637260437, 0.9886054396629333, 0.9783292412757874, 0.9961859583854675, 0.9999974966049194, 0.33371785283088684, 0.9998236298561096, 0.6389774680137634, 0.8703542947769165, 0.910196840763092, 0.9984363913536072, 0.9999284744262695, 0.8389372825622559, 0.9996296167373657, 0.9999755620956421, 0.9406386613845825, 0.9960277080535889, 0.9998388290405273, 0.9999808073043823, 0.9999096393585205, 0.9999666213989258, 0.9999972581863403, 0.9781057834625244, 0.9993583559989929, 0.9995334148406982, 0.9992789626121521, 0.9998733997344971, 0.9999505281448364, 0.9999997615814209, 0.6762372851371765, 0.602203369140625, 0.9987824559211731, 0.9259821176528931, 0.9926682114601135, 0.9992789626121521, 0.9994215965270996, 0.9999991655349731, 0.9998157620429993, 0.9996287822723389, 0.9505634903907776, 0.9997147917747498, 0.9750127792358398, 0.9518320560455322, 0.9929327964782715]}