{"accuracy_top-1": 89.13043212890625, "precision": 89.86772486772487, "recall": 89.45105820105822, "f1_score": 89.5460874408243, "confusion": [[6, 0, 0, 0, 1, 0], [0, 6, 0, 0, 0, 0], [0, 0, 6, 1, 0, 0], [1, 0, 1, 7, 0, 0], [0, 0, 0, 0, 9, 0], [0, 0, 0, 1, 0, 7]], "pred_score": [0.9818815588951111, 0.9999830722808838, 0.9998018145561218, 0.9991759657859802, 0.9996222257614136, 0.9999942779541016, 0.9999994039535522, 0.7480325102806091, 0.9999847412109375, 0.9789515137672424, 0.9999985694885254, 0.9994378685951233, 0.9999974966049194, 0.9912489652633667, 0.986312210559845, 0.9999356269836426, 0.9998570680618286, 0.9999474287033081, 0.9999985694885254, 0.9631029963493347, 0.9532561302185059, 0.9999958276748657, 0.9986658096313477, 0.6840841770172119, 0.9953176975250244, 0.9996762275695801, 0.9999791383743286, 0.9993120431900024, 0.9961101412773132, 0.5721598863601685, 0.893351137638092, 0.9353075623512268, 0.9999332427978516, 0.9999995231628418, 0.6874272227287292, 0.9999924898147583, 0.7639155387878418, 0.9999681711196899, 0.9956432580947876, 0.9999701976776123, 0.9950803518295288, 0.9999982118606567, 0.9993927478790283, 0.999721109867096, 0.9966272711753845, 0.9999183416366577]}