{"accuracy_top-1": 93.61701965332031, "precision": 94.78114478114476, "recall": 92.92929292929291, "f1_score": 93.29592508940335, "confusion": [[10, 0, 1, 0, 0, 0], [0, 6, 0, 0, 0, 0], [0, 0, 7, 0, 0, 0], [1, 0, 0, 11, 0, 0], [0, 0, 1, 0, 3, 0], [0, 0, 0, 0, 0, 7]], "pred_score": [0.9956141710281372, 0.9971188306808472, 0.9965290427207947, 0.999729573726654, 0.9996479749679565, 0.9778263568878174, 0.8824597597122192, 0.9999933242797852, 0.9999997615814209, 0.9915112853050232, 0.5783290266990662, 0.8275079727172852, 0.9998018145561218, 0.8008052706718445, 0.9999994039535522, 0.6575146913528442, 0.9993841648101807, 0.9994940757751465, 0.9999998807907104, 0.9999682903289795, 0.9992870688438416, 0.9998489618301392, 0.9995112419128418, 0.9995917677879333, 0.9999963045120239, 0.8173576593399048, 0.9564037919044495, 0.989844560623169, 0.9999969005584717, 0.9199205040931702, 0.9988794922828674, 0.8031032681465149, 0.9754443764686584, 0.996570348739624, 0.9999749660491943, 0.8010966181755066, 0.6438987255096436, 0.999997615814209, 0.9995492100715637, 0.8820000290870667, 0.971924364566803, 0.9999879598617554, 0.9865241050720215, 0.9382817149162292, 0.979473888874054, 0.9996103644371033, 0.9999933242797852]}