{"accuracy_top-1": 91.3043441772461, "precision": 88.6574074074074, "recall": 87.96296296296298, "f1_score": 87.7019140989729, "confusion": [[8, 0, 0, 0, 0, 0], [0, 7, 0, 0, 0, 0], [0, 1, 7, 0, 1, 0], [0, 0, 0, 10, 0, 0], [1, 0, 0, 0, 2, 1], [0, 0, 0, 0, 0, 8]], "pred_score": [0.9998856782913208, 0.9478018879890442, 0.9999237060546875, 0.9997519850730896, 0.8553192019462585, 0.9999998807907104, 0.9999630451202393, 0.9252250790596008, 0.9057566523551941, 0.9998918771743774, 0.6343448758125305, 0.9993302822113037, 0.9996812343597412, 0.9997981190681458, 0.6145588755607605, 0.9999351501464844, 0.9975032210350037, 0.9994626641273499, 0.9999744892120361, 0.9997594952583313, 0.6362897753715515, 0.9991022348403931, 0.9786319732666016, 0.9997665286064148, 0.9999650716781616, 0.9943935871124268, 0.9991483688354492, 0.9997919201850891, 0.9976940751075745, 0.9978971481323242, 0.9978175163269043, 0.9999376535415649, 0.9976180195808411, 0.9992474317550659, 0.9717736840248108, 0.9999951124191284, 0.9999147653579712, 0.9149570465087891, 0.8998616933822632, 0.9997925162315369, 0.9994542002677917, 0.9999980926513672, 0.9998188614845276, 0.9999998807907104, 0.9985665678977966, 0.9999880790710449]}