{"accuracy_top-1": 87.23403930664062, "precision": 87.36772486772486, "recall": 85.18518518518518, "f1_score": 85.61439365787191, "confusion": [[8, 0, 0, 0, 1, 0], [0, 11, 0, 0, 0, 0], [0, 0, 5, 0, 0, 1], [0, 0, 2, 4, 0, 0], [0, 1, 0, 0, 5, 0], [1, 0, 0, 0, 0, 8]], "pred_score": [0.9999995231628418, 0.9990032315254211, 0.8086445331573486, 1.0, 0.9900770783424377, 0.9990906715393066, 0.999948263168335, 0.9993144273757935, 0.9939343333244324, 0.9998637437820435, 0.9983488321304321, 0.9995564818382263, 0.9848358035087585, 0.999194324016571, 0.9999922513961792, 0.9417451620101929, 0.8696789145469666, 0.9999783039093018, 0.9943056702613831, 0.5195650458335876, 0.9998981952667236, 0.9998397827148438, 0.9999990463256836, 0.9932148456573486, 0.9999181032180786, 0.999934196472168, 0.9999970197677612, 0.9997087121009827, 0.9999189376831055, 0.9996082186698914, 0.9202157855033875, 0.3955059349536896, 0.9999560117721558, 1.0, 0.9976373910903931, 0.9988831877708435, 0.999666690826416, 0.9644901752471924, 0.6214973330497742, 0.9726645350456238, 0.999970555305481, 0.9998558759689331, 0.999993085861206, 0.9998239874839783, 0.9997696280479431, 0.9999597072601318, 0.9990511536598206]}