{"accuracy_top-1": 93.61701965332031, "precision": 87.73148148148148, "recall": 88.19444444444444, "f1_score": 87.87830349531117, "confusion": [[11, 0, 0, 0, 0, 0], [0, 11, 0, 1, 0, 0], [0, 0, 6, 0, 0, 0], [0, 0, 0, 8, 0, 0], [0, 0, 0, 0, 1, 1], [0, 0, 0, 0, 1, 7]], "pred_score": [0.8307133913040161, 0.9998617172241211, 0.9971417784690857, 0.9999997615814209, 0.9958166480064392, 0.9994300007820129, 0.994353175163269, 0.997307538986206, 0.9998629093170166, 0.9957412481307983, 0.9999948740005493, 0.9995288848876953, 0.9832460880279541, 0.9983013868331909, 0.997979462146759, 0.9996415376663208, 0.9874266386032104, 0.9999973773956299, 0.9999841451644897, 0.9999428987503052, 0.9999969005584717, 0.9996236562728882, 0.895437479019165, 0.9999995231628418, 0.9875220656394958, 0.9999231100082397, 0.9980425834655762, 0.9999939203262329, 1.0, 0.9996201992034912, 0.9996695518493652, 0.8599156737327576, 0.9999971389770508, 0.9697825312614441, 0.9994519352912903, 0.999993085861206, 0.9999794960021973, 0.9989234805107117, 0.7794823050498962, 0.9997332692146301, 0.9943289160728455, 0.8851115703582764, 0.9999417066574097, 0.982124924659729, 0.9956120252609253, 0.9998687505722046, 0.9999271631240845]}