{"accuracy_top-1": 84.78260803222656, "precision": 80.3030303030303, "recall": 78.56421356421356, "f1_score": 78.81257631257631, "confusion": [[10, 0, 0, 1, 0, 0], [0, 8, 0, 0, 0, 0], [0, 0, 1, 1, 1, 0], [0, 0, 1, 9, 0, 0], [0, 0, 0, 0, 6, 1], [0, 0, 0, 0, 2, 5]], "pred_score": [0.9942628741264343, 0.9985552430152893, 0.9998992681503296, 0.8032144904136658, 0.9999995231628418, 0.9999858140945435, 0.9999207258224487, 0.9999910593032837, 0.5848475694656372, 0.9999480247497559, 0.9999978542327881, 0.9996904134750366, 0.7422840595245361, 0.6262316107749939, 0.9998016953468323, 0.9755712151527405, 0.999976396560669, 0.6892664432525635, 0.9994056224822998, 0.9996746778488159, 0.9996461868286133, 0.999711811542511, 0.9999831914901733, 0.5369492173194885, 0.9999927282333374, 0.9996907711029053, 0.999854564666748, 0.9999738931655884, 0.9995357990264893, 0.9989830851554871, 0.9962329268455505, 0.9999333620071411, 0.9999768733978271, 0.9987515211105347, 0.9997542500495911, 0.9997071623802185, 0.9941352605819702, 0.9995182752609253, 0.9998866319656372, 0.7157987952232361, 0.9999986886978149, 0.9135154485702515, 0.8739460706710815, 0.9995397329330444, 0.9998013377189636, 0.999996542930603]}