{"accuracy_top-1": 95.65217590332031, "precision": 96.86609686609688, "recall": 95.83333333333333, "f1_score": 95.9719887955182, "confusion": [[4, 0, 0, 0, 0, 0], [0, 12, 0, 0, 0, 0], [0, 1, 6, 0, 0, 1], [0, 0, 0, 5, 0, 0], [0, 0, 0, 0, 9, 0], [0, 0, 0, 0, 0, 8]], "pred_score": [0.9999610185623169, 0.9930905699729919, 0.9983421564102173, 0.9998466968536377, 0.9997780919075012, 0.8265004754066467, 0.9999213218688965, 0.9999845027923584, 0.9998561143875122, 0.9999997615814209, 0.9999756813049316, 0.9999517202377319, 0.995355486869812, 0.9971131086349487, 0.5573978424072266, 0.9903473854064941, 0.9999887943267822, 0.9924132227897644, 0.995978593826294, 0.9988371729850769, 0.999958872795105, 0.9991093277931213, 0.9999622106552124, 0.9999160766601562, 0.999605119228363, 0.8984151482582092, 0.9926264882087708, 0.9115311503410339, 0.9952405691146851, 0.997266411781311, 0.9998626708984375, 0.9999896287918091, 0.9999737739562988, 0.9960355162620544, 0.9068416357040405, 0.9999722242355347, 0.9999771118164062, 0.9988017082214355, 0.9834295511245728, 0.999947190284729, 0.9672658443450928, 0.9946923851966858, 0.9580416679382324, 0.9985647797584534, 0.9992160797119141, 1.0]}