{"accuracy_top-1": 97.8723373413086, "precision": 98.48484848484848, "recall": 98.33333333333333, "f1_score": 98.32915622389307, "confusion": [[10, 0, 0, 0, 0, 0], [0, 5, 0, 0, 0, 0], [0, 0, 5, 0, 0, 0], [1, 0, 0, 9, 0, 0], [0, 0, 0, 0, 6, 0], [0, 0, 0, 0, 0, 11]], "pred_score": [0.9992989301681519, 0.9956350922584534, 0.9999880790710449, 0.9847012758255005, 0.9997969269752502, 0.9207722544670105, 0.5182974338531494, 0.9994914531707764, 0.9994878768920898, 0.9993945360183716, 0.9996088147163391, 0.797761082649231, 0.996476948261261, 1.0, 0.5243016481399536, 0.9954460859298706, 0.9999995231628418, 0.9999122619628906, 1.0, 0.9988880753517151, 0.9979477524757385, 1.0, 0.999998927116394, 0.9999969005584717, 0.9996552467346191, 1.0, 0.9997338652610779, 0.9999973773956299, 0.996947705745697, 0.9999823570251465, 0.99946528673172, 0.9998364448547363, 0.9980581402778625, 0.9930505752563477, 0.9995759129524231, 0.999913215637207, 0.9722240567207336, 0.9995309114456177, 0.9999980926513672, 0.9999996423721313, 0.9979444146156311, 0.9706937074661255, 0.9999746084213257, 0.9997984766960144, 0.9999070167541504, 0.9998610019683838, 0.9773626923561096]}