{"accuracy_top-1": 85.10638427734375, "precision": 83.37121212121212, "recall": 82.31481481481482, "f1_score": 82.06349206349206, "confusion": [[8, 0, 0, 1, 0, 1], [0, 9, 0, 0, 0, 0], [0, 0, 6, 0, 1, 1], [0, 0, 0, 7, 0, 0], [0, 0, 0, 0, 8, 1], [0, 0, 0, 0, 2, 2]], "pred_score": [0.9966313242912292, 0.9995115995407104, 0.9999818801879883, 0.9999879598617554, 0.9999963045120239, 0.9007274508476257, 0.5788049101829529, 0.966218113899231, 0.999825656414032, 0.6116393208503723, 0.7506261467933655, 0.9969697594642639, 0.9086311459541321, 0.9854434132575989, 0.9903575778007507, 0.7372560501098633, 0.9999654293060303, 0.9982553124427795, 0.9999996423721313, 0.9993683695793152, 0.999808132648468, 0.9995936751365662, 0.9999170303344727, 0.48961400985717773, 0.976702094078064, 1.0, 0.9999990463256836, 0.9852285385131836, 0.9988678693771362, 0.9999734163284302, 0.9175866842269897, 0.9991402626037598, 0.999948263168335, 0.9999936819076538, 0.9998950958251953, 0.9999990463256836, 0.9975273013114929, 0.9982700347900391, 0.9993789196014404, 0.9142719507217407, 0.9849480986595154, 0.999988317489624, 0.9999998807907104, 0.9997865557670593, 0.9993901252746582, 0.9999998807907104, 0.9915784597396851]}