{"accuracy_top-1": 88.2978744506836, "precision": 88.67909867909869, "recall": 88.88888888888887, "f1_score": 87.3695602642971, "confusion": [[10, 0, 0, 0, 0, 0], [0, 18, 0, 0, 0, 0], [2, 2, 10, 2, 0, 2], [0, 0, 0, 18, 0, 0], [0, 0, 0, 0, 17, 1], [0, 2, 0, 0, 0, 10]], "pred_score": [0.993532657623291, 0.5121257901191711, 0.9797933101654053, 0.98796147108078, 0.9716256856918335, 0.999822199344635, 0.8605356216430664, 0.7134008407592773, 0.805036187171936, 0.9992049336433411, 0.9996286630630493, 0.9999786615371704, 0.9998247027397156, 0.9966446161270142, 0.9999861717224121, 0.9999908208847046, 0.9732416272163391, 0.9999634027481079, 0.9995076656341553, 0.9997871518135071, 0.999893069267273, 0.9136833548545837, 0.9919400811195374, 0.9999772310256958, 0.9999876022338867, 0.8920474052429199, 0.9999935626983643, 0.5105758905410767, 0.9944062232971191, 0.869394838809967, 0.999984622001648, 0.9804903864860535, 0.9999700784683228, 0.9946475625038147, 0.9694603085517883, 0.9824662208557129, 0.8974563479423523, 0.9998169541358948, 0.9978128671646118, 0.9920614957809448, 0.9941389560699463, 0.9923500418663025, 0.7466417551040649, 0.8900105953216553, 0.9969215989112854, 0.9999316930770874, 0.9999406337738037, 0.9449262022972107, 0.9999959468841553, 0.9919400811195374, 0.9996203184127808, 0.9999831914901733, 0.9998247027397156, 0.9996927976608276, 0.999819815158844, 0.9984666109085083, 0.8885339498519897, 0.9607841968536377, 0.9924977421760559, 0.9971152544021606, 0.999984622001648, 0.9991563558578491, 0.8920474052429199, 0.9982366561889648, 0.9999154806137085, 0.9940675497055054, 0.8301824927330017, 0.805036187171936, 0.9950608611106873, 0.7295995950698853, 0.9999879598617554, 0.9716717004776001, 0.9107752442359924, 0.9999724626541138, 0.9810897707939148, 0.9839343428611755, 0.9989001750946045, 0.7930376529693604, 0.9980230331420898, 0.9999581575393677, 0.9491694569587708, 0.9999725818634033, 0.993532657623291, 0.9999616146087646, 0.9999891519546509, 0.9874666333198547, 0.5931687951087952, 0.9295428991317749, 0.8452646732330322, 0.9871925115585327, 0.9999876022338867, 0.7393059134483337, 0.997062623500824, 0.9999779462814331]}