{"accuracy_top-1": 88.2978744506836, "precision": 84.46530321530321, "recall": 83.33333333333333, "f1_score": 83.00650118203309, "confusion": [[24, 0, 0, 0, 0, 0], [0, 23, 0, 0, 1, 0], [2, 0, 8, 2, 0, 0], [0, 0, 0, 10, 0, 0], [0, 0, 0, 2, 4, 2], [0, 0, 1, 0, 1, 14]], "pred_score": [0.9584071636199951, 0.9658899903297424, 0.5505055785179138, 0.7027091979980469, 0.8618250489234924, 0.5914516448974609, 0.9993675351142883, 0.9206996560096741, 0.9986742734909058, 0.9991546869277954, 0.9901109337806702, 0.608510434627533, 0.9996830224990845, 0.9335573315620422, 0.9986876845359802, 0.5840157270431519, 0.7054128050804138, 0.9952556490898132, 0.9999573230743408, 0.9997112154960632, 0.9998056292533875, 0.999729573726654, 0.9947232007980347, 0.9848076105117798, 0.9997497200965881, 0.9999834299087524, 0.9999881982803345, 0.9484579563140869, 0.9999916553497314, 0.9999945163726807, 0.9999812841415405, 0.9953331351280212, 0.8810865879058838, 0.9999901056289673, 0.9979366064071655, 0.9636591076850891, 0.5619144439697266, 0.9996367692947388, 0.6905998587608337, 0.9999967813491821, 0.9999963045120239, 0.9940652847290039, 0.9999744892120361, 0.999841570854187, 0.7765198349952698, 0.735122561454773, 0.9996904134750366, 0.8847857117652893, 0.6156125068664551, 0.9947232007980347, 0.7591196298599243, 0.9977582693099976, 0.9996830224990845, 0.9999688863754272, 0.9997627139091492, 0.9999916553497314, 0.9999951124191284, 0.5242189764976501, 0.9303845167160034, 0.999998927116394, 0.9876565933227539, 0.9990259408950806, 0.9999834299087524, 0.9903358221054077, 0.9998295307159424, 0.9955378770828247, 0.998776376247406, 0.9986742734909058, 0.9999902248382568, 0.9588857889175415, 0.998902440071106, 0.999707043170929, 0.9999916553497314, 0.9912275671958923, 0.7173876762390137, 0.9528645873069763, 0.9471933841705322, 0.6931325793266296, 0.9007776379585266, 0.9999892711639404, 0.9965367317199707, 0.6063082218170166, 0.9584071636199951, 0.9998195767402649, 0.9999449253082275, 0.9733942151069641, 0.8978207111358643, 0.7241702675819397, 0.9356510043144226, 0.8188426494598389, 0.8861555457115173, 0.9991174340248108, 0.9999856948852539, 0.9930118918418884]}