{"accuracy_top-1": 89.36170196533203, "precision": 88.98139287612973, "recall": 88.6111111111111, "f1_score": 88.62928701638378, "confusion": [[8, 0, 0, 4, 0, 0], [0, 14, 0, 0, 0, 0], [0, 0, 9, 0, 1, 0], [2, 0, 0, 21, 0, 1], [0, 0, 2, 0, 14, 0], [0, 0, 0, 0, 0, 18]], "pred_score": [0.9972866773605347, 0.9999828338623047, 0.9808021783828735, 0.9566548466682434, 0.995354175567627, 0.9998955726623535, 0.9978408813476562, 0.9985281229019165, 0.9992594122886658, 0.9977204203605652, 0.9999517202377319, 0.9998255372047424, 0.9999455213546753, 0.8313153386116028, 0.9400637149810791, 0.9995075464248657, 0.9999449253082275, 0.9984766840934753, 0.9577164649963379, 0.9999784231185913, 0.9530643820762634, 0.6576624512672424, 0.8769144415855408, 0.9979066848754883, 0.995060384273529, 0.9992269277572632, 0.9999455213546753, 0.9997325539588928, 0.9434564113616943, 0.9999998807907104, 0.9278037548065186, 0.998526930809021, 0.9531627297401428, 0.727367639541626, 0.9997666478157043, 0.527410089969635, 0.9998248219490051, 0.9619855284690857, 0.6800909042358398, 0.9999891519546509, 0.9934335947036743, 0.576887309551239, 0.9999421834945679, 0.9823906421661377, 0.9854089617729187, 0.9907175898551941, 0.9976556301116943, 0.9948751330375671, 0.9994425177574158, 0.8769144415855408, 0.9997348189353943, 0.9645177721977234, 0.9999455213546753, 0.9663278460502625, 0.9605914950370789, 0.9139679670333862, 0.9999765157699585, 0.9955722093582153, 0.7209765911102295, 0.999980092048645, 0.9974168539047241, 0.9999536275863647, 0.9992269277572632, 0.9824825525283813, 0.9981960654258728, 0.9990119934082031, 0.9981980919837952, 0.9992594122886658, 0.9612767100334167, 0.9980652928352356, 0.965593695640564, 0.6799202561378479, 0.9999998807907104, 0.9909014701843262, 0.9736006259918213, 0.40222030878067017, 0.9999499320983887, 0.5621566772460938, 0.9836888313293457, 0.9999586343765259, 0.9995102882385254, 0.9998043179512024, 0.9972866773605347, 0.9696367979049683, 0.9780616760253906, 0.5685134530067444, 0.9998655319213867, 0.9998052716255188, 0.9999856948852539, 0.9999704360961914, 0.983371376991272, 0.9157513976097107, 0.5399240255355835, 0.9990541338920593]}