{"accuracy_top-1": 84.78260803222656, "precision": 85.17345399698341, "recall": 84.01124338624338, "f1_score": 83.91579190598797, "confusion": [[16, 0, 0, 2, 0, 0], [0, 16, 0, 0, 0, 0], [0, 1, 9, 3, 0, 1], [0, 0, 1, 15, 0, 0], [0, 0, 0, 0, 12, 2], [0, 0, 0, 0, 4, 10]], "pred_score": [0.9998224377632141, 0.9971190690994263, 0.999812662601471, 0.9723432064056396, 0.9997231364250183, 1.0, 0.9999955892562866, 0.9993351101875305, 0.9999979734420776, 0.999300479888916, 0.9998785257339478, 0.9962064027786255, 0.9997943043708801, 0.8227132558822632, 0.7526423335075378, 0.9999971389770508, 0.9439117312431335, 0.997421383857727, 0.9988579750061035, 0.9999847412109375, 0.7845503687858582, 0.8529209494590759, 0.9999631643295288, 0.9999997615814209, 0.5240094065666199, 0.9988977909088135, 0.9999696016311646, 0.9999822378158569, 0.7095546722412109, 0.9974467754364014, 0.9992581009864807, 0.6655659675598145, 0.9999748468399048, 0.7378103137016296, 0.9979490637779236, 0.6319366693496704, 0.997776210308075, 0.7733684182167053, 0.9938649535179138, 0.5586109161376953, 0.9876660108566284, 0.9997081160545349, 0.8730527758598328, 0.999848484992981, 0.9992628693580627, 0.9810390472412109, 0.9103909730911255, 0.9999971389770508, 0.9993892908096313, 0.9999707937240601, 0.9938649535179138, 0.750602662563324, 0.9997768998146057, 0.9999954700469971, 0.9997219443321228, 0.980191707611084, 0.9999951124191284, 0.9993196725845337, 0.9999217987060547, 0.9943019151687622, 0.6655659675598145, 0.9960913062095642, 0.9994651675224304, 0.9980818033218384, 0.8063915967941284, 0.999848484992981, 0.9999948740005493, 0.9698428511619568, 0.5801016688346863, 0.6861036419868469, 0.9290273785591125, 1.0, 0.9990083575248718, 0.9999984502792358, 0.9990904331207275, 0.9999986886978149, 1.0, 0.9999032020568848, 0.5945898294448853, 0.9994671940803528, 0.7733684182167053, 0.9999959468841553, 0.9943388104438782, 0.9945268034934998, 0.8920916318893433, 0.9805552363395691, 0.8252330422401428, 0.9808502793312073, 0.9999231100082397, 0.9830141067504883, 0.9408375024795532, 0.9919952154159546]}