{"accuracy_top-1": 89.36170196533203, "precision": 90.53694843168527, "recall": 88.96043771043772, "f1_score": 89.11983411983412, "confusion": [[18, 0, 0, 0, 0, 0], [0, 17, 0, 0, 1, 0], [0, 0, 8, 0, 2, 0], [1, 0, 0, 9, 0, 0], [0, 0, 0, 2, 14, 0], [0, 0, 0, 0, 4, 18]], "pred_score": [0.5994038581848145, 0.8335428833961487, 0.9843221306800842, 0.6483930349349976, 0.9998524188995361, 0.83665531873703, 0.8044211268424988, 0.9903102517127991, 0.5017917156219482, 0.8182966113090515, 1.0, 0.6925690174102783, 0.9996117949485779, 0.9999960660934448, 0.9910987019538879, 0.9800227880477905, 0.9478112459182739, 0.9995638728141785, 0.9859126210212708, 0.9999985694885254, 0.9999325275421143, 0.6503657698631287, 0.999840259552002, 0.9988547563552856, 0.9997089505195618, 0.9998185038566589, 0.9882147312164307, 0.9565529823303223, 0.9865329265594482, 0.8612974882125854, 0.9969301819801331, 0.5694042444229126, 0.9529383778572083, 0.9657955765724182, 0.9996689558029175, 0.9996637105941772, 0.9991949200630188, 0.999904990196228, 0.9984310269355774, 0.9999990463256836, 0.9999725818634033, 0.9977902173995972, 0.9773706197738647, 0.9925773739814758, 0.6136319637298584, 0.9996697902679443, 0.9025853276252747, 0.9999978542327881, 0.9746185541152954, 0.999840259552002, 0.7823095917701721, 0.9995983242988586, 0.9996117949485779, 0.9222330451011658, 0.9999527931213379, 0.9953319430351257, 0.9026512503623962, 0.9913614392280579, 0.9981641173362732, 0.9999990463256836, 0.9979068040847778, 0.9999985694885254, 0.9998185038566589, 0.9778060913085938, 0.904184103012085, 0.9411863684654236, 0.7442685961723328, 0.5017917156219482, 0.9999306201934814, 0.9948595762252808, 0.9836570620536804, 0.5811233520507812, 0.8614112734794617, 0.9928168058395386, 0.5520879030227661, 0.9999896287918091, 0.9999995231628418, 0.9961885809898376, 0.52390056848526, 0.9820554852485657, 0.9997497200965881, 0.5589604377746582, 0.5994038581848145, 0.9999306201934814, 0.9979199767112732, 0.9972816705703735, 0.9139527082443237, 0.9987670183181763, 0.7667936682701111, 0.8971319198608398, 0.999984860420227, 0.9425287842750549, 0.9740936160087585, 0.9994848966598511]}