{"accuracy_top-1": 96.80850982666016, "precision": 97.22222222222223, "recall": 96.42857142857143, "f1_score": 96.5480943738657, "confusion": [[24, 0, 0, 0, 0, 0], [0, 18, 0, 0, 0, 0], [0, 2, 11, 1, 0, 0], [0, 0, 0, 14, 0, 0], [0, 0, 0, 0, 16, 0], [0, 0, 0, 0, 0, 8]], "pred_score": [0.9999575614929199, 0.9999973773956299, 0.9951463341712952, 0.7339003682136536, 0.9993036985397339, 0.8310008645057678, 0.9994733929634094, 0.9996732473373413, 0.9998264908790588, 0.9979771971702576, 0.9999946355819702, 0.9997648596763611, 0.9298912882804871, 0.9998644590377808, 0.9999902248382568, 0.9563264846801758, 0.5444101691246033, 0.9997748732566833, 0.9998654127120972, 0.9951964020729065, 0.9895151853561401, 0.99996018409729, 0.8627188801765442, 0.9964243769645691, 0.9295523762702942, 0.9939526915550232, 0.9997342228889465, 0.8506673574447632, 0.9910182952880859, 0.9999994039535522, 0.9946225881576538, 0.9997180104255676, 0.9998834133148193, 0.998239278793335, 0.9894554018974304, 0.9225817918777466, 0.998045802116394, 0.9616938233375549, 0.9995471835136414, 0.9961588382720947, 0.9999549388885498, 0.6667229533195496, 0.9993797540664673, 0.9991626739501953, 0.999990701675415, 0.9996007084846497, 0.9994588494300842, 0.9994805455207825, 0.9430225491523743, 0.8627188801765442, 0.9355431795120239, 0.9277677536010742, 0.9298912882804871, 0.9990019202232361, 0.9919345378875732, 0.9954621195793152, 0.9995798468589783, 0.9963840246200562, 0.9723685383796692, 0.9978460073471069, 0.9947840571403503, 0.9962571859359741, 0.9939526915550232, 0.9992396831512451, 0.9989797472953796, 0.9984104633331299, 0.9957574009895325, 0.9998264908790588, 0.9994756579399109, 0.9998025298118591, 0.9999949932098389, 0.9999734163284302, 0.9999996423721313, 0.9999840259552002, 0.8959632515907288, 0.9998911619186401, 0.9999988079071045, 0.9988489151000977, 0.9999961853027344, 0.9998437166213989, 0.9675936102867126, 0.999950647354126, 0.9999575614929199, 0.8946680426597595, 0.9984537363052368, 0.5641330480575562, 0.9528276324272156, 0.9978317618370056, 0.9999988079071045, 0.710995614528656, 0.9973823428153992, 0.9998204112052917, 0.9973773956298828, 0.9999420642852783]}