{"accuracy_top-1": 84.78260803222656, "precision": 84.94723141781965, "recall": 87.17032967032968, "f1_score": 85.53514340282823, "confusion": [[12, 0, 0, 2, 0, 0], [0, 24, 1, 1, 0, 0], [0, 0, 8, 0, 0, 0], [3, 0, 1, 14, 2, 0], [0, 3, 1, 0, 12, 0], [0, 0, 0, 0, 0, 8]], "pred_score": [0.9324595928192139, 0.9261749982833862, 0.9999819993972778, 0.9999889135360718, 0.9881617426872253, 0.9386714100837708, 0.5252727270126343, 0.8937991261482239, 0.9892667531967163, 0.9997897744178772, 0.9999983310699463, 0.7030318975448608, 0.9308655858039856, 0.734358549118042, 0.9298610687255859, 0.9999346733093262, 0.9999737739562988, 0.9986202716827393, 0.9998742341995239, 0.9999934434890747, 0.999982476234436, 0.8105337619781494, 0.9993466734886169, 0.9991719722747803, 0.983662486076355, 0.999854564666748, 0.3783736228942871, 0.899125874042511, 0.9987146854400635, 0.9846400022506714, 0.9999955892562866, 0.9980132579803467, 0.9999657869338989, 0.9997962117195129, 0.9999489784240723, 0.9886928796768188, 0.9968711733818054, 0.9987548589706421, 0.9482713937759399, 0.7850033640861511, 0.9623377919197083, 0.9998438358306885, 0.999980092048645, 0.998101532459259, 0.9992619156837463, 0.9707421660423279, 0.9999890327453613, 0.9999346733093262, 0.9999649524688721, 0.9998779296875, 0.9482713937759399, 0.7266488075256348, 0.9290741086006165, 0.6100602746009827, 0.8783933520317078, 0.9673473834991455, 0.9973527193069458, 0.9987682700157166, 0.4289299249649048, 0.6406455636024475, 0.9980132579803467, 0.5898056030273438, 0.9971088767051697, 0.9999570846557617, 0.9999921321868896, 0.998101532459259, 0.9999979734420776, 0.9999983310699463, 0.978080153465271, 0.998749852180481, 0.5436884164810181, 0.9971291422843933, 0.9999076128005981, 0.9999604225158691, 0.9610604047775269, 0.9999992847442627, 0.9625868201255798, 0.945167064666748, 0.867442786693573, 0.9999955892562866, 0.9987548589706421, 0.7754592299461365, 0.9830475449562073, 0.9656192660331726, 0.9999911785125732, 0.9563207030296326, 0.9998438358306885, 0.9998782873153687, 0.9990453124046326, 0.8975284695625305, 0.9167742133140564, 0.977706789970398]}