{"accuracy_top-1": 85.86956024169922, "precision": 85.90252340252341, "recall": 85.41666666666667, "f1_score": 84.82708528723022, "confusion": [[22, 0, 0, 0, 0, 0], [0, 12, 0, 0, 0, 0], [0, 2, 10, 2, 0, 0], [2, 0, 2, 10, 0, 2], [0, 0, 1, 0, 11, 2], [0, 0, 0, 0, 0, 14]], "pred_score": [0.9731981754302979, 0.9432493448257446, 0.854937732219696, 0.9995495676994324, 0.9999996423721313, 0.9912188649177551, 0.9998838901519775, 0.9999990463256836, 0.9998871088027954, 0.9619783759117126, 0.9951974749565125, 0.9918994903564453, 0.9999833106994629, 0.9982442855834961, 0.9996906518936157, 0.9999988079071045, 0.9999914169311523, 0.9833272099494934, 0.9940428137779236, 0.9998756647109985, 0.9773347973823547, 0.9757029414176941, 0.9782282114028931, 0.9914780259132385, 0.8948909044265747, 0.754327654838562, 0.9997591376304626, 0.9999548196792603, 0.9999754428863525, 0.8333296775817871, 0.9999288320541382, 0.9999992847442627, 0.7598406672477722, 0.9849240779876709, 0.9999560117721558, 0.9975653886795044, 0.9500744342803955, 0.9984526634216309, 0.5251623392105103, 0.9999935626983643, 0.9828133583068848, 0.9994841814041138, 0.966451108455658, 0.9932250380516052, 0.9942448735237122, 0.9927313923835754, 0.9350555539131165, 0.9999988079071045, 0.680547833442688, 0.9987843632698059, 0.5251623392105103, 0.9853774905204773, 0.9999878406524658, 0.9999908208847046, 0.9831531643867493, 0.7252091765403748, 0.9998204112052917, 0.8302389979362488, 0.9996957778930664, 0.9999980926513672, 0.9999992847442627, 0.9999997615814209, 0.9980260729789734, 0.9370958209037781, 0.9994850158691406, 0.9932250380516052, 0.9997974038124084, 0.999991774559021, 0.9995880722999573, 0.999976396560669, 0.9988471269607544, 0.9886502027511597, 0.9933962821960449, 0.6270143389701843, 0.9685118198394775, 0.9999756813049316, 0.989096999168396, 0.9808192849159241, 0.9999938011169434, 0.9999502897262573, 0.9984526634216309, 0.9999654293060303, 0.9082028269767761, 0.7488850951194763, 0.9999918937683105, 0.9843215942382812, 0.9658899307250977, 0.9827231168746948, 0.8979158997535706, 0.9880005717277527, 0.9993231296539307, 0.9791035652160645]}