{"accuracy_top-1": 87.23403930664062, "precision": 86.55096073517126, "recall": 86.34259259259257, "f1_score": 85.92757440971728, "confusion": [[16, 0, 0, 0, 0, 0], [0, 23, 0, 1, 0, 0], [0, 2, 8, 0, 0, 2], [3, 0, 2, 13, 0, 0], [0, 0, 0, 0, 11, 1], [0, 0, 0, 0, 1, 11]], "pred_score": [0.9960567951202393, 0.9995265007019043, 0.9998329877853394, 0.9999356269836426, 0.9778708219528198, 0.9998451471328735, 0.999998927116394, 0.9962663054466248, 0.9811751246452332, 0.9991957545280457, 0.8652427196502686, 0.9812796115875244, 0.9992189407348633, 0.5682746767997742, 0.9547340273857117, 0.9999699592590332, 0.7972800731658936, 0.9991950392723083, 0.9058967232704163, 0.9995577931404114, 0.998955488204956, 0.9992668032646179, 0.9995185136795044, 0.9970382452011108, 0.9998160004615784, 0.9821615219116211, 0.9999920129776001, 0.9996374845504761, 0.8083710670471191, 0.7195962071418762, 0.9988927245140076, 0.9964852333068848, 0.49013444781303406, 0.5974020957946777, 0.9893789887428284, 0.9995675683021545, 0.9989219903945923, 0.9994459748268127, 0.6468378305435181, 0.9996514320373535, 0.9999947547912598, 0.978363037109375, 0.9999909400939941, 0.9489997029304504, 0.9962878227233887, 0.9999897480010986, 0.9995660185813904, 0.9979854822158813, 0.9999512434005737, 0.9995185136795044, 0.9999181032180786, 0.9930016398429871, 0.9992189407348633, 0.9956379532814026, 0.9982261061668396, 0.8292827606201172, 0.9999991655349731, 0.9998488426208496, 0.9996706247329712, 0.9994823932647705, 0.9954977035522461, 0.9995546936988831, 0.9821615219116211, 0.9992008805274963, 0.9996083378791809, 0.998360812664032, 0.9999833106994629, 0.9811751246452332, 0.9999796152114868, 0.9960570335388184, 0.9676980972290039, 0.9985274076461792, 0.9557399749755859, 0.8845788240432739, 0.9999545812606812, 0.6902729868888855, 0.5746235847473145, 0.8791452646255493, 0.993949294090271, 0.9999967813491821, 0.9939776659011841, 0.9903478622436523, 0.9960567951202393, 0.9998784065246582, 0.9993253946304321, 0.9775682687759399, 0.9997738003730774, 0.9973383545875549, 0.9993237257003784, 0.9914558529853821, 0.9999619722366333, 0.8334228992462158, 0.646737277507782, 0.9990103244781494]}