{"accuracy_top-1": 86.9565200805664, "precision": 87.94201412622465, "recall": 87.4452861952862, "f1_score": 86.62115963860282, "confusion": [[18, 0, 0, 0, 0, 0], [0, 8, 0, 0, 0, 0], [1, 3, 16, 0, 0, 2], [1, 0, 1, 14, 0, 0], [0, 0, 2, 0, 7, 1], [1, 0, 0, 0, 0, 17]], "pred_score": [0.9993270635604858, 0.9997443556785583, 0.9740575551986694, 0.6141977906227112, 0.9875816106796265, 0.9999910593032837, 0.999998927116394, 0.9967530369758606, 0.99692302942276, 0.9933338761329651, 0.9916626214981079, 0.9999940395355225, 0.9999996423721313, 0.8536434173583984, 0.9995842576026917, 0.9994329810142517, 0.9998134970664978, 0.9748951196670532, 0.9584024548530579, 0.9999923706054688, 0.8670528531074524, 0.6895173788070679, 0.9996662139892578, 0.7240973114967346, 0.5485336184501648, 0.999964714050293, 0.9888441562652588, 0.9995261430740356, 0.9962806105613708, 0.8124996423721313, 0.9718120694160461, 0.9971893429756165, 0.9999793767929077, 0.9994101524353027, 0.9999806880950928, 0.9997555613517761, 0.9999929666519165, 0.9992019534111023, 0.9990352392196655, 0.9980332255363464, 0.9999148845672607, 0.9573915004730225, 0.9999723434448242, 0.9881104230880737, 0.9999943971633911, 0.9995887875556946, 0.9999831914901733, 0.9994329810142517, 0.993881106376648, 0.79598069190979, 0.9990352392196655, 0.5579087734222412, 0.9999998807907104, 0.9999749660491943, 0.9999949932098389, 0.6066963076591492, 0.9971412420272827, 0.999727189540863, 0.9927392601966858, 0.9932802319526672, 0.9971893429756165, 0.9828216433525085, 0.9999940395355225, 0.5007237792015076, 0.8175221085548401, 0.9881104230880737, 0.9995028972625732, 0.9999350309371948, 0.9996144771575928, 0.9935606718063354, 0.559432327747345, 0.7503913640975952, 0.969036877155304, 0.9997033476829529, 0.999929666519165, 0.9999949932098389, 0.9999897480010986, 0.9995298385620117, 0.9959204196929932, 0.9498428106307983, 0.9992019534111023, 0.9989449381828308, 0.9999589920043945, 0.998374342918396, 0.9996993541717529, 0.9996252059936523, 0.9994120597839355, 0.8888190984725952, 0.9871972799301147, 0.6577398180961609, 0.9992758631706238, 0.9998020529747009]}