{"accuracy_top-1": 99.122802734375, "precision": 99.25373134328359, "recall": 98.95833333333333, "f1_score": 99.09774436090225, "confusion": [[66, 0], [1, 47]], "pred_score": [0.9996601343154907, 1.0, 0.999998927116394, 0.931407630443573, 1.0, 1.0, 1.0, 0.9999988079071045, 1.0, 1.0, 0.9999986886978149, 1.0, 0.9999985694885254, 0.9999908208847046, 0.9999990463256836, 0.9999996423721313, 0.9999998807907104, 0.9997969269752502, 0.9999985694885254, 0.9999833106994629, 1.0, 0.9246575832366943, 0.9999988079071045, 1.0, 1.0, 0.9999984502792358, 0.9999994039535522, 0.9999990463256836, 0.9999982118606567, 1.0, 0.9999996423721313, 0.9999986886978149, 0.999998927116394, 1.0, 0.9999231100082397, 0.9999990463256836, 1.0, 1.0, 0.9999986886978149, 1.0, 1.0, 0.9999991655349731, 1.0, 0.9998414516448975, 1.0, 0.9999996423721313, 0.999998927116394, 0.9999986886978149, 0.9999991655349731, 0.9999916553497314, 1.0, 0.9999995231628418, 1.0, 0.9999995231628418, 1.0, 0.9999991655349731, 0.9999997615814209, 1.0, 1.0, 0.9999996423721313, 0.9999995231628418, 1.0, 0.9999990463256836, 0.9999654293060303, 0.9999297857284546, 1.0, 1.0, 1.0, 0.9999992847442627, 0.999998927116394, 0.9999994039535522, 0.9999840259552002, 1.0, 0.9999902248382568, 1.0, 0.9999985694885254, 1.0, 0.9999997615814209, 1.0, 0.9999990463256836, 0.9999998807907104, 1.0, 1.0, 0.9999988079071045, 0.9999995231628418, 1.0, 0.9999990463256836, 1.0, 0.9999908208847046, 1.0, 1.0, 0.9529873132705688, 0.9999988079071045, 0.9999998807907104, 0.9999984502792358, 0.9999992847442627, 0.9999982118606567, 0.9999992847442627, 0.9999994039535522, 0.9999988079071045, 0.9997697472572327, 0.9999991655349731, 1.0, 0.9999992847442627, 0.819371223449707, 0.9999995231628418, 1.0, 0.999998927116394, 0.9996601343154907, 1.0, 1.0, 0.9999933242797852, 1.0, 0.9999991655349731]}