{"accuracy_top-1": 100.0, "precision": 100.0, "recall": 100.0, "f1_score": 100.0, "confusion": [[54, 0], [0, 60]], "pred_score": [1.0, 0.9999998807907104, 0.999997615814209, 1.0, 1.0, 1.0, 0.9999992847442627, 1.0, 0.9999992847442627, 1.0, 1.0, 0.9999994039535522, 1.0, 0.9999997615814209, 0.9999997615814209, 0.9999876022338867, 1.0, 0.9999903440475464, 1.0, 1.0, 0.9999980926513672, 1.0, 1.0, 1.0, 0.9999980926513672, 0.9999850988388062, 1.0, 0.9999943971633911, 1.0, 0.9999961853027344, 1.0, 0.9999985694885254, 0.9999982118606567, 1.0, 1.0, 1.0, 0.9999998807907104, 1.0, 0.9999969005584717, 1.0, 1.0, 1.0, 0.9999334812164307, 0.9999986886978149, 0.9999998807907104, 0.9999849796295166, 0.9999825954437256, 1.0, 1.0, 0.9999997615814209, 1.0, 0.9999568462371826, 1.0, 1.0, 1.0, 1.0, 0.9999997615814209, 1.0, 0.9999992847442627, 0.9999895095825195, 1.0, 1.0, 0.9999997615814209, 0.9999998807907104, 1.0, 0.9999996423721313, 0.9999996423721313, 1.0, 0.9999997615814209, 0.9999982118606567, 1.0, 1.0, 0.9999998807907104, 0.9999998807907104, 1.0, 0.9999977350234985, 1.0, 0.9999996423721313, 1.0, 0.9999954700469971, 0.9999997615814209, 0.9999986886978149, 1.0, 1.0, 0.9999568462371826, 1.0, 1.0, 0.9999649524688721, 0.9999997615814209, 0.9999998807907104, 0.9999116659164429, 1.0, 1.0, 1.0, 1.0, 1.0, 1.0, 1.0, 1.0, 1.0, 0.9999908208847046, 1.0, 1.0, 1.0, 1.0, 0.9999879598617554, 1.0, 0.9999834299087524, 1.0, 0.9999980926513672, 1.0, 1.0, 0.9999998807907104, 0.999997615814209]}