{"accuracy_top-1": 98.24561309814453, "precision": 98.4375, "recall": 98.07692307692308, "f1_score": 98.22595704948645, "confusion": [[62, 0], [2, 50]], "pred_score": [0.9999885559082031, 0.999992847442627, 0.9999963045120239, 0.9999954700469971, 1.0, 0.9999946355819702, 0.9999935626983643, 1.0, 0.9999945163726807, 1.0, 0.9999971389770508, 0.9999984502792358, 0.9999959468841553, 0.9999957084655762, 0.9999996423721313, 1.0, 0.8455628156661987, 0.9999998807907104, 0.9999961853027344, 0.9999932050704956, 0.999994158744812, 0.9999973773956299, 0.9999961853027344, 0.9999998807907104, 1.0, 1.0, 0.9999972581863403, 0.9999946355819702, 0.9999980926513672, 0.9999966621398926, 1.0, 0.9999971389770508, 1.0, 1.0, 1.0, 0.9999909400939941, 0.9999943971633911, 0.9999997615814209, 1.0, 1.0, 0.9999948740005493, 0.9999997615814209, 0.9999586343765259, 1.0, 1.0, 0.9999963045120239, 1.0, 1.0, 1.0, 0.9999994039535522, 1.0, 0.9999943971633911, 0.9999998807907104, 0.9982931017875671, 0.9999855756759644, 0.9999891519546509, 0.9999905824661255, 1.0, 0.9999988079071045, 1.0, 0.9955844283103943, 0.9999997615814209, 0.9999996423721313, 1.0, 1.0, 0.9999988079071045, 0.9999986886978149, 1.0, 0.9999868869781494, 1.0, 0.9999924898147583, 0.999961256980896, 0.9999943971633911, 0.9999997615814209, 0.9999946355819702, 1.0, 1.0, 1.0, 0.9999997615814209, 0.9999951124191284, 0.9999983310699463, 0.9999984502792358, 0.9999997615814209, 0.9999998807907104, 0.9999943971633911, 0.9999992847442627, 0.9999910593032837, 0.9999933242797852, 0.9999957084655762, 0.9999957084655762, 0.9999926090240479, 0.9999995231628418, 0.9999961853027344, 0.8455628156661987, 0.9999955892562866, 0.999992847442627, 0.9999980926513672, 0.9999982118606567, 1.0, 1.0, 0.9999998807907104, 1.0, 1.0, 0.9999831914901733, 0.9999960660934448, 0.9999963045120239, 1.0, 1.0, 0.9999885559082031, 1.0, 0.9999855756759644, 0.9999997615814209, 1.0, 1.0]}