{"accuracy_top-1": 71.05262756347656, "precision": 71.56862745098039, "recall": 71.38888888888889, "f1_score": 71.03257103257103, "confusion": [[13, 7], [4, 14]], "pred_score": [0.8106940984725952, 1.0, 0.9671666622161865, 0.9935585856437683, 1.0, 0.9572276473045349, 0.9823367595672607, 0.9972962737083435, 1.0, 0.5413259863853455, 0.9735234379768372, 0.9939269423484802, 0.9999499320983887, 1.0, 1.0, 0.9990209341049194, 0.9951446652412415, 0.9999904632568359, 0.8690294027328491, 1.0, 1.0, 0.9999923706054688, 0.916412889957428, 0.8734425902366638, 0.9958992600440979, 0.9037402272224426, 1.0, 0.9785364270210266, 0.9917718768119812, 0.6665440797805786, 0.9994441866874695, 0.863345205783844, 0.50223708152771, 0.9860889315605164, 0.9745845794677734, 0.9134752154350281, 0.823494553565979, 0.9903609752655029], "pred_label": [0, 1, 1, 0, 1, 0, 1, 0, 1, 1, 0, 0, 1, 1, 1, 1, 0, 1, 1, 1, 0, 1, 1, 0, 0, 0, 1, 0, 0, 1, 1, 0, 1, 0, 0, 0, 1, 1], "pred_class": ["Healthy", "Ovarian", "Ovarian", "Healthy", "Ovarian", "Healthy", "Ovarian", "Healthy", "Ovarian", "Ovarian", "Healthy", "Healthy", "Ovarian", "Ovarian", "Ovarian", "Ovarian", "Healthy", "Ovarian", "Ovarian", "Ovarian", "Healthy", "Ovarian", "Ovarian", "Healthy", "Healthy", "Healthy", "Ovarian", "Healthy", "Healthy", "Ovarian", "Ovarian", "Healthy", "Ovarian", "Healthy", "Healthy", "Healthy", "Ovarian", "Ovarian"]}