{"accuracy_top-1": 76.31578826904297, "precision": 77.8409090909091, "recall": 77.45098039215685, "f1_score": 76.29937629937629, "confusion": [[15, 2], [7, 14]], "pred_score": [0.8710045218467712, 0.9999094009399414, 0.627014696598053, 0.9031288027763367, 0.9491256475448608, 0.541772186756134, 0.8512119650840759, 0.6201674938201904, 0.8146734833717346, 0.7672857046127319, 0.88089519739151, 0.9184715151786804, 0.784386396408081, 0.999818742275238, 0.7428066730499268, 0.5680738687515259, 0.5191850662231445, 0.9996302127838135, 0.9696699380874634, 0.5998990535736084, 0.6623241305351257, 0.8459699749946594, 0.7957875728607178, 0.6341770887374878, 0.7909563183784485, 0.868143618106842, 0.6860880851745605, 0.8964436650276184, 0.9999983310699463, 0.7878555059432983, 0.8825594186782837, 0.9999997615814209, 0.956990659236908, 0.54316246509552, 0.6475891470909119, 0.7023503184318542, 0.7886297106742859, 0.9196422696113586], "pred_label": [1, 1, 0, 0, 0, 1, 1, 1, 1, 0, 0, 0, 0, 1, 0, 1, 0, 1, 1, 0, 0, 1, 0, 0, 0, 1, 0, 0, 1, 0, 0, 1, 0, 0, 0, 0, 1, 1], "pred_class": ["Ovarian", "Ovarian", "Healthy", "Healthy", "Healthy", "Ovarian", "Ovarian", "Ovarian", "Ovarian", "Healthy", "Healthy", "Healthy", "Healthy", "Ovarian", "Healthy", "Ovarian", "Healthy", "Ovarian", "Ovarian", "Healthy", "Healthy", "Ovarian", "Healthy", "Healthy", "Healthy", "Ovarian", "Healthy", "Healthy", "Ovarian", "Healthy", "Healthy", "Ovarian", "Healthy", "Healthy", "Healthy", "Healthy", "Ovarian", "Ovarian"]}