{"accuracy_top-1": 79.4871826171875, "precision": 79.60526315789474, "recall": 79.76190476190476, "f1_score": 79.47368421052633, "confusion": [[15, 3], [5, 16]], "pred_score": [1.0, 0.8728666305541992, 1.0, 0.5937621593475342, 0.9993289709091187, 0.9061267375946045, 0.9983899593353271, 1.0, 0.6216827630996704, 0.9999420642852783, 0.9920327663421631, 0.9116529822349548, 1.0, 0.9945868253707886, 0.7651961445808411, 0.9887369275093079, 0.9369661211967468, 0.6495703458786011, 0.9448404312133789, 0.5186929702758789, 0.8284186124801636, 1.0, 0.9987803101539612, 0.7339270710945129, 0.5892007350921631, 0.5575612187385559, 0.5786097049713135, 0.8298112154006958, 0.7007924914360046, 0.7762391567230225, 0.5413436889648438, 0.7053121328353882, 0.5546709299087524, 0.6618555188179016, 0.9960047602653503, 0.8122748136520386, 1.0, 0.9969088435173035, 0.5708187818527222], "pred_label": [1, 0, 1, 0, 0, 0, 1, 1, 0, 1, 0, 0, 1, 0, 1, 0, 0, 1, 0, 1, 0, 1, 1, 0, 0, 1, 0, 0, 0, 1, 1, 0, 0, 1, 1, 1, 1, 1, 0], "pred_class": ["Ovarian", "Healthy", "Ovarian", "Healthy", "Healthy", "Healthy", "Ovarian", "Ovarian", "Healthy", "Ovarian", "Healthy", "Healthy", "Ovarian", "Healthy", "Ovarian", "Healthy", "Healthy", "Ovarian", "Healthy", "Ovarian", "Healthy", "Ovarian", "Ovarian", "Healthy", "Healthy", "Ovarian", "Healthy", "Healthy", "Healthy", "Ovarian", "Ovarian", "Healthy", "Healthy", "Ovarian", "Ovarian", "Ovarian", "Ovarian", "Ovarian", "Healthy"]}