{"accuracy_top-1": 89.47368621826172, "precision": 90.06410256410255, "recall": 87.20238095238096, "f1_score": 88.3076923076923, "confusion": [[23, 1], [3, 11]], "pred_score": [0.9704739451408386, 0.9999865293502808, 0.9961432814598083, 0.9930981993675232, 0.9929989576339722, 1.0, 0.9999637603759766, 0.9163674116134644, 0.9945188164710999, 1.0, 0.9658478498458862, 1.0, 0.997595489025116, 0.9871777296066284, 0.8283488154411316, 0.9876562356948853, 0.9971567392349243, 0.9734135270118713, 0.9999994039535522, 0.9999997615814209, 0.9754422307014465, 0.5573006272315979, 0.999915361404419, 0.9170368313789368, 0.8792058229446411, 0.9462937116622925, 0.9899068474769592, 0.9731698036193848, 0.9669579863548279, 0.5122472643852234, 0.9920158386230469, 1.0, 0.9939956068992615, 0.9983012676239014, 0.9808678030967712, 0.7752605676651001, 0.9637196660041809, 0.9908390641212463], "pred_label": [0, 0, 1, 0, 0, 1, 1, 0, 1, 1, 0, 1, 0, 0, 0, 0, 0, 0, 1, 0, 0, 0, 0, 0, 1, 0, 0, 0, 0, 1, 1, 1, 0, 0, 0, 1, 0, 0], "pred_class": ["Healthy", "Healthy", "Ovarian", "Healthy", "Healthy", "Ovarian", "Ovarian", "Healthy", "Ovarian", "Ovarian", "Healthy", "Ovarian", "Healthy", "Healthy", "Healthy", "Healthy", "Healthy", "Healthy", "Ovarian", "Healthy", "Healthy", "Healthy", "Healthy", "Healthy", "Ovarian", "Healthy", "Healthy", "Healthy", "Healthy", "Ovarian", "Ovarian", "Ovarian", "Healthy", "Healthy", "Healthy", "Ovarian", "Healthy", "Healthy"]}