{"accuracy_top-1": 89.47368621826172, "precision": 89.91596638655462, "recall": 89.4736842105263, "f1_score": 89.44444444444444, "confusion": [[18, 1], [3, 16]], "pred_score": [0.7982116937637329, 0.9980674386024475, 0.6263744235038757, 0.9999997615814209, 0.6022498607635498, 0.9999973773956299, 0.938428521156311, 0.9932523369789124, 0.9528239965438843, 0.7338382005691528, 0.8878393173217773, 0.680421769618988, 0.8527544140815735, 0.9485403299331665, 0.9999504089355469, 0.9996212720870972, 0.7431228160858154, 0.9999957084655762, 0.9970165491104126, 0.9952581524848938, 0.6243383884429932, 0.994508683681488, 0.9835758805274963, 0.9634232521057129, 0.9757358431816101, 0.839847207069397, 1.0, 0.9999984502792358, 0.9999955892562866, 0.5702815055847168, 1.0, 0.9830588102340698, 0.9317468404769897, 0.8633629679679871, 0.8706333637237549, 0.5427886843681335, 0.9419432282447815, 0.9094834923744202], "pred_label": [1, 1, 1, 1, 0, 1, 0, 0, 1, 0, 0, 0, 0, 0, 1, 0, 0, 0, 0, 0, 1, 1, 1, 0, 0, 0, 1, 1, 1, 0, 1, 0, 1, 0, 1, 1, 0, 0], "pred_class": ["Ovarian", "Ovarian", "Ovarian", "Ovarian", "Healthy", "Ovarian", "Healthy", "Healthy", "Ovarian", "Healthy", "Healthy", "Healthy", "Healthy", "Healthy", "Ovarian", "Healthy", "Healthy", "Healthy", "Healthy", "Healthy", "Ovarian", "Ovarian", "Ovarian", "Healthy", "Healthy", "Healthy", "Ovarian", "Ovarian", "Ovarian", "Healthy", "Ovarian", "Healthy", "Ovarian", "Healthy", "Ovarian", "Ovarian", "Healthy", "Healthy"]}