{"accuracy_top-1": 84.61538696289062, "precision": 85.6951871657754, "recall": 85.31746031746032, "f1_score": 84.60526315789474, "confusion": [[16, 5], [1, 17]], "pred_score": [0.7407113313674927, 0.9999994039535522, 0.9813804030418396, 0.9924498796463013, 0.9857462644577026, 0.9999996423721313, 0.7576301693916321, 0.9999995231628418, 0.9655895829200745, 0.5513243675231934, 0.9926929473876953, 0.9505926966667175, 0.7894205451011658, 1.0, 0.9736021757125854, 0.7209246754646301, 1.0, 0.9995787739753723, 1.0, 0.8927276134490967, 0.9836002588272095, 0.7306134104728699, 0.652584969997406, 1.0, 0.6640719771385193, 0.9458339810371399, 0.9728541374206543, 0.9264153838157654, 0.7365418672561646, 1.0, 0.5357128381729126, 0.9716012477874756, 0.9669100642204285, 0.5028916597366333, 0.9988798499107361, 0.6840137839317322, 1.0, 0.7680047154426575, 0.9282810688018799], "pred_label": [0, 0, 0, 0, 1, 1, 1, 1, 1, 1, 0, 0, 1, 1, 0, 0, 1, 1, 1, 1, 1, 1, 0, 1, 1, 0, 1, 0, 1, 1, 0, 1, 0, 0, 1, 0, 1, 0, 0], "pred_class": ["Healthy", "Healthy", "Healthy", "Healthy", "Ovarian", "Ovarian", "Ovarian", "Ovarian", "Ovarian", "Ovarian", "Healthy", "Healthy", "Ovarian", "Ovarian", "Healthy", "Healthy", "Ovarian", "Ovarian", "Ovarian", "Ovarian", "Ovarian", "Ovarian", "Healthy", "Ovarian", "Ovarian", "Healthy", "Ovarian", "Healthy", "Ovarian", "Ovarian", "Healthy", "Ovarian", "Healthy", "Healthy", "Ovarian", "Healthy", "Ovarian", "Healthy", "Healthy"]}