{"accuracy_top-1": 81.57894897460938, "precision": 81.94444444444444, "recall": 82.21288515406162, "f1_score": 81.56618156618157, "confusion": [[16, 5], [2, 15]], "pred_score": [0.9855498671531677, 0.9999562501907349, 0.9183688759803772, 0.8259726762771606, 0.9852260947227478, 0.5579563975334167, 1.0, 0.9999520778656006, 0.945634663105011, 0.9998447895050049, 1.0, 0.9678569436073303, 0.8570095896720886, 0.9999949932098389, 0.9946145415306091, 0.7157274484634399, 0.960204541683197, 1.0, 0.5720908045768738, 0.877225399017334, 0.6132281422615051, 0.8829561471939087, 0.637416422367096, 0.9667890071868896, 0.9974706172943115, 1.0, 1.0, 1.0, 0.9134054780006409, 1.0, 0.7105482816696167, 1.0, 0.97722989320755, 0.9964674711227417, 0.8246578574180603, 0.7307142019271851, 0.9863696098327637, 0.9999513626098633], "pred_label": [0, 1, 1, 0, 0, 1, 1, 1, 0, 0, 1, 1, 0, 1, 1, 1, 0, 1, 0, 1, 0, 0, 1, 1, 0, 1, 1, 1, 0, 1, 0, 1, 0, 0, 0, 1, 0, 0], "pred_class": ["Healthy", "Ovarian", "Ovarian", "Healthy", "Healthy", "Ovarian", "Ovarian", "Ovarian", "Healthy", "Healthy", "Ovarian", "Ovarian", "Healthy", "Ovarian", "Ovarian", "Ovarian", "Healthy", "Ovarian", "Healthy", "Ovarian", "Healthy", "Healthy", "Ovarian", "Ovarian", "Healthy", "Ovarian", "Ovarian", "Ovarian", "Healthy", "Ovarian", "Healthy", "Ovarian", "Healthy", "Healthy", "Healthy", "Ovarian", "Healthy", "Healthy"]}