{"accuracy_top-1": 82.05128479003906, "precision": 82.23684210526315, "recall": 82.75401069518716, "f1_score": 82.00395517468688, "confusion": [[15, 2], [5, 17]], "pred_score": [0.9991323351860046, 1.0, 0.9715903401374817, 0.9827820658683777, 0.9999974966049194, 0.9802443981170654, 0.5511103272438049, 0.9973446726799011, 0.9999997615814209, 0.9985809326171875, 0.9998633861541748, 0.830399215221405, 0.995200514793396, 1.0, 0.928732693195343, 0.974757730960846, 0.8981276154518127, 0.9990050196647644, 0.9999996423721313, 0.9233896136283875, 0.9948318004608154, 1.0, 0.71295166015625, 0.9043629765510559, 1.0, 0.9753477573394775, 1.0, 0.6336760520935059, 0.986944854259491, 0.6092108488082886, 0.7875476479530334, 0.9997121691703796, 0.9760115146636963, 0.9928862452507019, 0.9793893694877625, 0.9470760822296143, 0.9978867173194885, 0.7569462656974792, 0.9599751234054565], "pred_label": [0, 1, 1, 0, 1, 0, 0, 0, 1, 0, 0, 0, 0, 1, 0, 1, 1, 1, 1, 0, 0, 1, 1, 1, 1, 1, 1, 0, 0, 1, 0, 1, 1, 0, 0, 0, 0, 1, 0], "pred_class": ["Healthy", "Ovarian", "Ovarian", "Healthy", "Ovarian", "Healthy", "Healthy", "Healthy", "Ovarian", "Healthy", "Healthy", "Healthy", "Healthy", "Ovarian", "Healthy", "Ovarian", "Ovarian", "Ovarian", "Ovarian", "Healthy", "Healthy", "Ovarian", "Ovarian", "Ovarian", "Ovarian", "Ovarian", "Ovarian", "Healthy", "Healthy", "Ovarian", "Healthy", "Ovarian", "Ovarian", "Healthy", "Healthy", "Healthy", "Healthy", "Ovarian", "Healthy"]}