{"accuracy_top-1": 79.4871826171875, "precision": 79.60526315789474, "recall": 79.76190476190476, "f1_score": 79.47368421052633, "confusion": [[16, 5], [3, 15]], "pred_score": [0.9373437762260437, 1.0, 0.9983792304992676, 0.6728838682174683, 0.9924037456512451, 0.9927297234535217, 0.999970555305481, 0.6522972583770752, 0.9983260035514832, 0.8197105526924133, 0.9948863387107849, 0.7374661564826965, 0.9996856451034546, 0.9938847422599792, 1.0, 0.9999940395355225, 0.9959388971328735, 0.9041591882705688, 1.0, 0.999642014503479, 0.9971088767051697, 1.0, 0.9993844032287598, 0.9062792062759399, 1.0, 0.955522358417511, 0.945039689540863, 0.9976058006286621, 0.631016194820404, 0.8416274189949036, 0.9830769896507263, 0.9319997429847717, 0.5554574728012085, 0.9999549388885498, 0.926620364189148, 0.9950373768806458, 0.7763279676437378, 0.8683944344520569, 0.9999953508377075], "pred_label": [1, 1, 1, 1, 0, 0, 1, 1, 0, 1, 0, 1, 0, 0, 1, 1, 1, 0, 1, 0, 0, 1, 0, 1, 1, 0, 1, 0, 0, 0, 0, 1, 1, 1, 0, 0, 1, 0, 0], "pred_class": ["Ovarian", "Ovarian", "Ovarian", "Ovarian", "Healthy", "Healthy", "Ovarian", "Ovarian", "Healthy", "Ovarian", "Healthy", "Ovarian", "Healthy", "Healthy", "Ovarian", "Ovarian", "Ovarian", "Healthy", "Ovarian", "Healthy", "Healthy", "Ovarian", "Healthy", "Ovarian", "Ovarian", "Healthy", "Ovarian", "Healthy", "Healthy", "Healthy", "Healthy", "Ovarian", "Ovarian", "Ovarian", "Healthy", "Healthy", "Ovarian", "Healthy", "Healthy"]}