{"accuracy_top-1": 79.4871826171875, "precision": 79.60526315789474, "recall": 79.76190476190476, "f1_score": 79.47368421052633, "confusion": [[15, 3], [5, 16]], "pred_score": [0.5489014983177185, 0.9998873472213745, 0.9200413823127747, 0.7157090902328491, 0.6941715478897095, 0.6756099462509155, 0.884973406791687, 0.5205718278884888, 0.5296743512153625, 0.8799152970314026, 1.0, 0.9999940395355225, 0.9833242893218994, 0.8536473512649536, 0.7183455228805542, 0.6395503282546997, 0.8324481844902039, 0.8290627002716064, 0.9989098310470581, 0.9328015446662903, 0.8099059462547302, 0.5350697636604309, 0.6110134720802307, 1.0, 0.999988317489624, 0.5001466870307922, 0.9558225274085999, 0.5759913325309753, 0.999984622001648, 0.585337221622467, 0.7372949123382568, 0.6640657186508179, 0.9945388436317444, 0.9999839067459106, 0.98579341173172, 0.6674593687057495, 0.9793707132339478, 0.9532315135002136, 0.56417316198349], "pred_label": [1, 1, 1, 0, 0, 0, 0, 0, 1, 0, 1, 1, 0, 0, 0, 0, 0, 0, 1, 0, 1, 0, 1, 1, 1, 0, 1, 0, 1, 1, 0, 0, 1, 1, 1, 0, 1, 0, 1], "pred_class": ["Ovarian", "Ovarian", "Ovarian", "Healthy", "Healthy", "Healthy", "Healthy", "Healthy", "Ovarian", "Healthy", "Ovarian", "Ovarian", "Healthy", "Healthy", "Healthy", "Healthy", "Healthy", "Healthy", "Ovarian", "Healthy", "Ovarian", "Healthy", "Ovarian", "Ovarian", "Ovarian", "Healthy", "Ovarian", "Healthy", "Ovarian", "Ovarian", "Healthy", "Healthy", "Ovarian", "Ovarian", "Ovarian", "Healthy", "Ovarian", "Healthy", "Ovarian"]}