{"accuracy_top-1": 96.22640991210938, "precision": 96.22480864830743, "recall": 95.87612443778112, "f1_score": 95.98803070091688, "confusion": [[38, 0, 0, 0, 0], [0, 27, 1, 1, 0], [1, 0, 22, 0, 0], [0, 0, 0, 37, 0], [1, 2, 0, 0, 29]], "pred_score": [0.9999996423721313, 0.9999995231628418, 0.9998034834861755, 0.9999995231628418, 0.9999979734420776, 0.9180327653884888, 0.9999990463256836, 1.0, 0.9990769624710083, 0.9999996423721313, 0.9999268054962158, 1.0, 0.9999971389770508, 1.0, 0.9971248507499695, 0.9999971389770508, 0.9840120077133179, 1.0, 1.0, 0.9999996423721313, 0.9999997615814209, 1.0, 0.9999997615814209, 0.9998127818107605, 0.9999798536300659, 0.9999998807907104, 1.0, 0.9999995231628418, 0.9999849796295166, 0.9999992847442627, 0.9999580383300781, 0.9999128580093384, 0.9999998807907104, 0.9873602986335754, 0.9999996423721313, 1.0, 0.9999996423721313, 1.0, 0.9999879598617554, 0.9999991655349731, 0.999974250793457, 0.999239444732666, 1.0, 0.9998522996902466, 0.9999996423721313, 0.9990339279174805, 0.9999984502792358, 1.0, 0.9999994039535522, 1.0, 0.9999991655349731, 0.9999998807907104, 1.0, 0.9999984502792358, 0.999997615814209, 0.9999982118606567, 0.9999998807907104, 0.999998927116394, 0.9983224272727966, 0.9999983310699463, 1.0, 0.9982415437698364, 0.999259889125824, 0.8815169930458069, 0.9999991655349731, 1.0, 0.999998927116394, 0.9999982118606567, 0.999997615814209, 0.9999979734420776, 0.9999957084655762, 0.9999979734420776, 0.9999802112579346, 0.9978577494621277, 1.0, 0.9999996423721313, 1.0, 0.9999973773956299, 0.9999566078186035, 0.9999628067016602, 1.0, 0.9976775050163269, 0.9999998807907104, 0.9999985694885254, 1.0, 1.0, 1.0, 0.9984506368637085, 0.9999986886978149, 0.9996256828308105, 1.0, 0.9999994039535522, 0.9999991655349731, 0.9999990463256836, 0.9524970054626465, 0.9999998807907104, 1.0, 1.0, 1.0, 1.0, 0.9990413784980774, 1.0, 0.9999830722808838, 1.0, 0.83602374792099, 0.9999978542327881, 0.9977322816848755, 1.0, 0.9999998807907104, 0.999985933303833, 1.0, 0.9938488602638245, 1.0, 0.8915871977806091, 1.0, 0.9999990463256836, 0.9999483823776245, 1.0, 0.9999226331710815, 0.9999998807907104, 0.9999985694885254, 0.9999998807907104, 0.999998927116394, 0.9999998807907104, 0.9980450868606567, 0.9998502731323242, 1.0, 0.99998939037323, 0.9999912977218628, 0.9999984502792358, 1.0, 1.0, 0.9993849992752075, 0.9999722242355347, 1.0, 1.0, 0.9999949932098389, 1.0, 1.0, 1.0, 1.0, 1.0, 0.9999994039535522, 0.9998626708984375, 1.0, 1.0, 1.0, 0.9998703002929688, 0.9999997615814209, 1.0, 0.9012235999107361, 0.999997615814209, 1.0, 0.9985650181770325, 0.9999991655349731, 0.9999986886978149, 0.9999998807907104, 1.0, 0.9999992847442627], "pred_label": [1, 1, 4, 2, 3, 2, 1, 1, 1, 3, 0, 4, 4, 2, 1, 3, 3, 1, 0, 1, 3, 3, 2, 1, 1, 4, 4, 0, 3, 4, 4, 2, 0, 1, 0, 0, 2, 0, 2, 3, 1, 0, 1, 3, 3, 3, 2, 2, 3, 3, 0, 0, 3, 3, 2, 3, 4, 4, 0, 4, 0, 0, 1, 2, 0, 0, 1, 3, 3, 2, 0, 3, 0, 1, 1, 0, 1, 0, 4, 4, 1, 1, 4, 1, 0, 0, 4, 4, 3, 4, 3, 1, 3, 4, 0, 3, 0, 0, 0, 3, 3, 0, 1, 3, 0, 4, 0, 4, 3, 4, 4, 2, 0, 1, 0, 2, 2, 0, 2, 3, 0, 0, 1, 2, 1, 4, 0, 3, 3, 2, 0, 2, 0, 2, 3, 4, 3, 3, 2, 0, 0, 1, 4, 3, 1, 3, 4, 0, 4, 0, 4, 3, 4, 4, 2, 3, 3, 2, 1], "pred_class": ["neonatal highly pigmented  melanocytes", "neonatal highly pigmented  melanocytes", "tumour associated fibroblasts", "normal skin fibroblasts", "pure medium - control", "normal skin fibroblasts", "neonatal highly pigmented  melanocytes", "neonatal highly pigmented  melanocytes", "neonatal highly pigmented  melanocytes", "pure medium - control", "melanoma cells", "tumour associated fibroblasts", "tumour associated fibroblasts", "normal skin fibroblasts", "neonatal highly pigmented  melanocytes", "pure medium - control", "pure medium - control", "neonatal highly pigmented  melanocytes", "melanoma cells", "neonatal highly pigmented  melanocytes", "pure medium - control", "pure medium - control", "normal skin fibroblasts", "neonatal highly pigmented  melanocytes", "neonatal highly pigmented  melanocytes", "tumour associated fibroblasts", "tumour associated fibroblasts", "melanoma cells", "pure medium - control", "tumour associated fibroblasts", "tumour associated fibroblasts", "normal skin fibroblasts", "melanoma cells", "neonatal highly pigmented  melanocytes", "melanoma cells", "melanoma cells", "normal skin fibroblasts", "melanoma cells", "normal skin fibroblasts", "pure medium - control", "neonatal highly pigmented  melanocytes", "melanoma cells", "neonatal highly pigmented  melanocytes", "pure medium - control", "pure medium - control", "pure medium - control", "normal skin fibroblasts", "normal skin fibroblasts", "pure medium - control", "pure medium - control", "melanoma cells", "melanoma cells", "pure medium - control", "pure medium - control", "normal skin fibroblasts", "pure medium - control", "tumour associated fibroblasts", "tumour associated fibroblasts", "melanoma cells", "tumour associated fibroblasts", "melanoma cells", "melanoma cells", "neonatal highly pigmented  melanocytes", "normal skin fibroblasts", "melanoma cells", "melanoma cells", "neonatal highly pigmented  melanocytes", "pure medium - control", "pure medium - control", "normal skin fibroblasts", "melanoma cells", "pure medium - control", "melanoma cells", "neonatal highly pigmented  melanocytes", "neonatal highly pigmented  melanocytes", "melanoma cells", "neonatal highly pigmented  melanocytes", "melanoma cells", "tumour associated fibroblasts", "tumour associated fibroblasts", "neonatal highly pigmented  melanocytes", "neonatal highly pigmented  melanocytes", "tumour associated fibroblasts", "neonatal highly pigmented  melanocytes", "melanoma cells", "melanoma cells", "tumour associated fibroblasts", "tumour associated fibroblasts", "pure medium - control", "tumour associated fibroblasts", "pure medium - control", "neonatal highly pigmented  melanocytes", "pure medium - control", "tumour associated fibroblasts", "melanoma cells", "pure medium - control", "melanoma cells", "melanoma cells", "melanoma cells", "pure medium - control", "pure medium - control", "melanoma cells", "neonatal highly pigmented  melanocytes", "pure medium - control", "melanoma cells", "tumour associated fibroblasts", "melanoma cells", "tumour associated fibroblasts", "pure medium - control", "tumour associated fibroblasts", "tumour associated fibroblasts", "normal skin fibroblasts", "melanoma cells", "neonatal highly pigmented  melanocytes", "melanoma cells", "normal skin fibroblasts", "normal skin fibroblasts", "melanoma cells", "normal skin fibroblasts", "pure medium - control", "melanoma cells", "melanoma cells", "neonatal highly pigmented  melanocytes", "normal skin fibroblasts", "neonatal highly pigmented  melanocytes", "tumour associated fibroblasts", "melanoma cells", "pure medium - control", "pure medium - control", "normal skin fibroblasts", "melanoma cells", "normal skin fibroblasts", "melanoma cells", "normal skin fibroblasts", "pure medium - control", "tumour associated fibroblasts", "pure medium - control", "pure medium - control", "normal skin fibroblasts", "melanoma cells", "melanoma cells", "neonatal highly pigmented  melanocytes", "tumour associated fibroblasts", "pure medium - control", "neonatal highly pigmented  melanocytes", "pure medium - control", "tumour associated fibroblasts", "melanoma cells", "tumour associated fibroblasts", "melanoma cells", "tumour associated fibroblasts", "pure medium - control", "tumour associated fibroblasts", "tumour associated fibroblasts", "normal skin fibroblasts", "pure medium - control", "pure medium - control", "normal skin fibroblasts", "neonatal highly pigmented  melanocytes"]}