{"accuracy_top-1": 95.59748077392578, "precision": 95.3103146853147, "recall": 95.18240740740741, "f1_score": 95.20531612753784, "confusion": [[23, 0, 0, 1, 1], [0, 25, 0, 1, 1], [0, 1, 44, 0, 0], [1, 0, 0, 29, 0], [0, 0, 0, 1, 31]], "pred_score": [0.8631278872489929, 0.9986028075218201, 0.9999985694885254, 1.0, 0.9999990463256836, 1.0, 1.0, 0.9997723698616028, 1.0, 0.9999997615814209, 0.9999661445617676, 0.9999943971633911, 1.0, 1.0, 0.9999967813491821, 0.519136905670166, 1.0, 0.9999986886978149, 1.0, 0.9998800754547119, 0.9098023772239685, 1.0, 1.0, 0.9999997615814209, 0.9999998807907104, 0.9999992847442627, 0.996320366859436, 1.0, 0.9771127700805664, 1.0, 1.0, 1.0, 1.0, 0.9992545247077942, 0.999998927116394, 1.0, 0.9999977350234985, 0.999944806098938, 0.9999858140945435, 1.0, 1.0, 0.9995564818382263, 0.9999997615814209, 0.9999998807907104, 0.9999998807907104, 0.9999997615814209, 0.9999998807907104, 1.0, 0.9999982118606567, 0.999985933303833, 1.0, 0.9999821186065674, 1.0, 1.0, 0.9999997615814209, 0.9999998807907104, 0.9999995231628418, 0.9998138546943665, 0.9903276562690735, 0.9999996423721313, 0.9999996423721313, 1.0, 0.999646782875061, 0.999968409538269, 1.0, 1.0, 1.0, 1.0, 1.0, 1.0, 0.9444122910499573, 1.0, 1.0, 1.0, 0.9999996423721313, 1.0, 0.9999964237213135, 0.9999269247055054, 1.0, 0.9999760389328003, 0.9999585151672363, 0.9999972581863403, 1.0, 0.6273605823516846, 1.0, 0.9999837875366211, 1.0, 0.9999963045120239, 0.9999892711639404, 1.0, 1.0, 1.0, 1.0, 1.0, 1.0, 1.0, 1.0, 1.0, 1.0, 0.4480268657207489, 0.9999696016311646, 1.0, 0.999871015548706, 0.9999984502792358, 0.9999833106994629, 0.9996645450592041, 1.0, 1.0, 1.0, 0.653810977935791, 0.9998747110366821, 1.0, 1.0, 1.0, 0.9999998807907104, 0.9999985694885254, 0.5402552485466003, 0.9999996423721313, 0.9999998807907104, 0.9999998807907104, 1.0, 0.9999992847442627, 1.0, 0.9999998807907104, 0.9999998807907104, 0.9999979734420776, 0.9999997615814209, 1.0, 1.0, 0.9999971389770508, 0.9999903440475464, 0.9981719255447388, 1.0, 0.9999910593032837, 0.9538756012916565, 0.9999988079071045, 1.0, 0.9999997615814209, 1.0, 0.9999994039535522, 1.0, 0.9999946355819702, 1.0, 0.9999988079071045, 1.0, 1.0, 0.9999920129776001, 0.9999986886978149, 0.8684766292572021, 1.0, 0.9999886751174927, 0.9969694018363953, 0.9999998807907104, 0.9999997615814209, 0.9999998807907104, 1.0, 0.9999997615814209, 0.9968671202659607, 1.0], "pred_label": [1, 2, 1, 0, 1, 4, 4, 1, 3, 3, 3, 0, 0, 1, 4, 4, 0, 0, 4, 1, 0, 2, 2, 4, 3, 4, 2, 3, 4, 2, 4, 2, 0, 3, 2, 0, 4, 3, 2, 2, 2, 0, 0, 2, 4, 4, 2, 2, 1, 2, 0, 2, 2, 4, 3, 3, 1, 0, 4, 0, 1, 4, 4, 0, 4, 1, 4, 2, 3, 4, 3, 3, 0, 2, 4, 2, 3, 3, 1, 3, 1, 4, 2, 4, 4, 1, 2, 4, 2, 2, 0, 2, 2, 1, 1, 0, 2, 2, 0, 1, 2, 1, 3, 4, 2, 4, 0, 4, 1, 2, 3, 1, 0, 3, 4, 3, 3, 2, 0, 2, 0, 2, 0, 3, 4, 4, 2, 1, 0, 2, 1, 2, 2, 4, 1, 1, 2, 3, 2, 3, 4, 3, 3, 2, 2, 3, 4, 3, 3, 3, 3, 2, 2, 3, 1, 1, 1, 2, 3], "pred_class": ["neonatal highly pigmented  melanocytes", "normal skin fibroblasts", "neonatal highly pigmented  melanocytes", "melanoma cells", "neonatal highly pigmented  melanocytes", "tumour associated fibroblasts", "tumour associated fibroblasts", "neonatal highly pigmented  melanocytes", "pure medium - control", "pure medium - control", "pure medium - control", "melanoma cells", "melanoma cells", "neonatal highly pigmented  melanocytes", "tumour associated fibroblasts", "tumour associated fibroblasts", "melanoma cells", "melanoma cells", "tumour associated fibroblasts", "neonatal highly pigmented  melanocytes", "melanoma cells", "normal skin fibroblasts", "normal skin fibroblasts", "tumour associated fibroblasts", "pure medium - control", "tumour associated fibroblasts", "normal skin fibroblasts", "pure medium - control", "tumour associated fibroblasts", "normal skin fibroblasts", "tumour associated fibroblasts", "normal skin fibroblasts", "melanoma cells", "pure medium - control", "normal skin fibroblasts", "melanoma cells", "tumour associated fibroblasts", "pure medium - control", "normal skin fibroblasts", "normal skin fibroblasts", "normal skin fibroblasts", "melanoma cells", "melanoma cells", "normal skin fibroblasts", "tumour associated fibroblasts", "tumour associated fibroblasts", "normal skin fibroblasts", "normal skin fibroblasts", "neonatal highly pigmented  melanocytes", "normal skin fibroblasts", "melanoma cells", "normal skin fibroblasts", "normal skin fibroblasts", "tumour associated fibroblasts", "pure medium - control", "pure medium - control", "neonatal highly pigmented  melanocytes", "melanoma cells", "tumour associated fibroblasts", "melanoma cells", "neonatal highly pigmented  melanocytes", "tumour associated fibroblasts", "tumour associated fibroblasts", "melanoma cells", "tumour associated fibroblasts", "neonatal highly pigmented  melanocytes", "tumour associated fibroblasts", "normal skin fibroblasts", "pure medium - control", "tumour associated fibroblasts", "pure medium - control", "pure medium - control", "melanoma cells", "normal skin fibroblasts", "tumour associated fibroblasts", "normal skin fibroblasts", "pure medium - control", "pure medium - control", "neonatal highly pigmented  melanocytes", "pure medium - control", "neonatal highly pigmented  melanocytes", "tumour associated fibroblasts", "normal skin fibroblasts", "tumour associated fibroblasts", "tumour associated fibroblasts", "neonatal highly pigmented  melanocytes", "normal skin fibroblasts", "tumour associated fibroblasts", "normal skin fibroblasts", "normal skin fibroblasts", "melanoma cells", "normal skin fibroblasts", "normal skin fibroblasts", "neonatal highly pigmented  melanocytes", "neonatal highly pigmented  melanocytes", "melanoma cells", "normal skin fibroblasts", "normal skin fibroblasts", "melanoma cells", "neonatal highly pigmented  melanocytes", "normal skin fibroblasts", "neonatal highly pigmented  melanocytes", "pure medium - control", "tumour associated fibroblasts", "normal skin fibroblasts", "tumour associated fibroblasts", "melanoma cells", "tumour associated fibroblasts", "neonatal highly pigmented  melanocytes", "normal skin fibroblasts", "pure medium - control", "neonatal highly pigmented  melanocytes", "melanoma cells", "pure medium - control", "tumour associated fibroblasts", "pure medium - control", "pure medium - control", "normal skin fibroblasts", "melanoma cells", "normal skin fibroblasts", "melanoma cells", "normal skin fibroblasts", "melanoma cells", "pure medium - control", "tumour associated fibroblasts", "tumour associated fibroblasts", "normal skin fibroblasts", "neonatal highly pigmented  melanocytes", "melanoma cells", "normal skin fibroblasts", "neonatal highly pigmented  melanocytes", "normal skin fibroblasts", "normal skin fibroblasts", "tumour associated fibroblasts", "neonatal highly pigmented  melanocytes", "neonatal highly pigmented  melanocytes", "normal skin fibroblasts", "pure medium - control", "normal skin fibroblasts", "pure medium - control", "tumour associated fibroblasts", "pure medium - control", "pure medium - control", "normal skin fibroblasts", "normal skin fibroblasts", "pure medium - control", "tumour associated fibroblasts", "pure medium - control", "pure medium - control", "pure medium - control", "pure medium - control", "normal skin fibroblasts", "normal skin fibroblasts", "pure medium - control", "neonatal highly pigmented  melanocytes", "neonatal highly pigmented  melanocytes", "neonatal highly pigmented  melanocytes", "normal skin fibroblasts", "pure medium - control"]}