{"accuracy_top-1": 97.46835327148438, "precision": 97.1326164874552, "recall": 97.1326164874552, "f1_score": 97.1326164874552, "confusion": [[37, 0, 0, 0, 0], [0, 25, 1, 0, 1], [0, 1, 30, 0, 0], [0, 0, 0, 36, 0], [0, 1, 0, 0, 26]], "pred_score": [1.0, 0.9999192953109741, 1.0, 0.9999954700469971, 0.9999113082885742, 1.0, 0.9999954700469971, 0.9999988079071045, 1.0, 0.7874665856361389, 0.9999926090240479, 0.9999994039535522, 0.9999997615814209, 0.9999998807907104, 0.9999371767044067, 0.8899133205413818, 1.0, 1.0, 1.0, 0.9999998807907104, 1.0, 0.999990701675415, 0.9999995231628418, 0.9999997615814209, 0.9999974966049194, 1.0, 0.9999998807907104, 1.0, 0.9999994039535522, 1.0, 0.9999995231628418, 0.9999935626983643, 0.9999996423721313, 0.9999998807907104, 1.0, 0.9999996423721313, 0.9999998807907104, 0.6564890742301941, 0.9999896287918091, 0.999920129776001, 0.9999498128890991, 0.9999973773956299, 1.0, 0.9999996423721313, 1.0, 0.9999979734420776, 1.0, 0.9999998807907104, 0.9999994039535522, 0.9998892545700073, 1.0, 0.9999978542327881, 1.0, 0.9999921321868896, 0.999998927116394, 0.96988844871521, 0.9676499962806702, 0.9999979734420776, 1.0, 1.0, 1.0, 1.0, 1.0, 0.9999996423721313, 0.998761773109436, 0.999998927116394, 1.0, 0.9999998807907104, 1.0, 0.9999957084655762, 0.9999998807907104, 0.998247504234314, 0.999846339225769, 0.9997116923332214, 0.9999797344207764, 0.9938457608222961, 1.0, 0.9999680519104004, 0.9999998807907104, 1.0, 1.0, 0.9999969005584717, 1.0, 0.9751171469688416, 0.999992847442627, 0.999337375164032, 1.0, 0.9999949932098389, 1.0, 1.0, 0.9999963045120239, 1.0, 0.9999982118606567, 1.0, 0.999929666519165, 1.0, 0.9999994039535522, 0.9999998807907104, 1.0, 0.9999974966049194, 0.9997777342796326, 0.9999998807907104, 0.9995427131652832, 0.9999994039535522, 1.0, 0.9999966621398926, 0.9999982118606567, 0.9189605116844177, 0.9999998807907104, 0.9999995231628418, 0.999969482421875, 0.9997066855430603, 1.0, 0.9999685287475586, 0.9999970197677612, 1.0, 0.9999998807907104, 0.9970135688781738, 0.9999979734420776, 0.9999312162399292, 0.9999996423721313, 0.9999995231628418, 0.9999998807907104, 1.0, 0.9853804707527161, 1.0, 0.9999997615814209, 1.0, 1.0, 1.0, 0.9999996423721313, 0.9999984502792358, 0.9999570846557617, 0.999976634979248, 1.0, 0.9999992847442627, 0.9999997615814209, 0.9999990463256836, 0.9999997615814209, 0.9999974966049194, 1.0, 0.9999992847442627, 0.9999936819076538, 0.9986722469329834, 1.0, 0.9990111589431763, 1.0, 1.0, 1.0, 0.9994062185287476, 1.0, 0.9993749260902405, 0.9999998807907104, 0.9999998807907104, 0.9258352518081665, 0.9999772310256958, 0.9999897480010986, 0.9999998807907104], "pred_label": [2, 3, 2, 3, 3, 0, 3, 3, 4, 1, 1, 1, 3, 0, 1, 2, 1, 2, 0, 2, 1, 4, 2, 0, 1, 0, 1, 0, 4, 1, 4, 0, 3, 2, 2, 0, 0, 4, 4, 3, 0, 3, 2, 0, 2, 0, 4, 3, 0, 0, 4, 2, 2, 2, 0, 4, 1, 4, 1, 3, 0, 0, 1, 0, 3, 1, 2, 2, 1, 3, 4, 4, 3, 3, 0, 4, 2, 0, 3, 2, 0, 4, 0, 2, 4, 3, 4, 2, 2, 2, 3, 3, 0, 4, 2, 4, 3, 3, 3, 3, 1, 3, 3, 4, 1, 2, 1, 4, 0, 3, 2, 4, 0, 3, 3, 2, 2, 1, 3, 1, 3, 1, 0, 1, 0, 0, 2, 0, 0, 1, 4, 2, 3, 0, 2, 1, 4, 3, 4, 3, 1, 3, 4, 4, 2, 1, 4, 2, 0, 1, 0, 1, 0, 0, 3, 0, 0, 3], "pred_class": ["normal skin fibroblasts", "pure medium - control", "normal skin fibroblasts", "pure medium - control", "pure medium - control", "melanoma cells", "pure medium - control", "pure medium - control", "tumour associated fibroblasts", "neonatal highly pigmented  melanocytes", "neonatal highly pigmented  melanocytes", "neonatal highly pigmented  melanocytes", "pure medium - control", "melanoma cells", "neonatal highly pigmented  melanocytes", "normal skin fibroblasts", "neonatal highly pigmented  melanocytes", "normal skin fibroblasts", "melanoma cells", "normal skin fibroblasts", "neonatal highly pigmented  melanocytes", "tumour associated fibroblasts", "normal skin fibroblasts", "melanoma cells", "neonatal highly pigmented  melanocytes", "melanoma cells", "neonatal highly pigmented  melanocytes", "melanoma cells", "tumour associated fibroblasts", "neonatal highly pigmented  melanocytes", "tumour associated fibroblasts", "melanoma cells", "pure medium - control", "normal skin fibroblasts", "normal skin fibroblasts", "melanoma cells", "melanoma cells", "tumour associated fibroblasts", "tumour associated fibroblasts", "pure medium - control", "melanoma cells", "pure medium - control", "normal skin fibroblasts", "melanoma cells", "normal skin fibroblasts", "melanoma cells", "tumour associated fibroblasts", "pure medium - control", "melanoma cells", "melanoma cells", "tumour associated fibroblasts", "normal skin fibroblasts", "normal skin fibroblasts", "normal skin fibroblasts", "melanoma cells", "tumour associated fibroblasts", "neonatal highly pigmented  melanocytes", "tumour associated fibroblasts", "neonatal highly pigmented  melanocytes", "pure medium - control", "melanoma cells", "melanoma cells", "neonatal highly pigmented  melanocytes", "melanoma cells", "pure medium - control", "neonatal highly pigmented  melanocytes", "normal skin fibroblasts", "normal skin fibroblasts", "neonatal highly pigmented  melanocytes", "pure medium - control", "tumour associated fibroblasts", "tumour associated fibroblasts", "pure medium - control", "pure medium - control", "melanoma cells", "tumour associated fibroblasts", "normal skin fibroblasts", "melanoma cells", "pure medium - control", "normal skin fibroblasts", "melanoma cells", "tumour associated fibroblasts", "melanoma cells", "normal skin fibroblasts", "tumour associated fibroblasts", "pure medium - control", "tumour associated fibroblasts", "normal skin fibroblasts", "normal skin fibroblasts", "normal skin fibroblasts", "pure medium - control", "pure medium - control", "melanoma cells", "tumour associated fibroblasts", "normal skin fibroblasts", "tumour associated fibroblasts", "pure medium - control", "pure medium - control", "pure medium - control", "pure medium - control", "neonatal highly pigmented  melanocytes", "pure medium - control", "pure medium - control", "tumour associated fibroblasts", "neonatal highly pigmented  melanocytes", "normal skin fibroblasts", "neonatal highly pigmented  melanocytes", "tumour associated fibroblasts", "melanoma cells", "pure medium - control", "normal skin fibroblasts", "tumour associated fibroblasts", "melanoma cells", "pure medium - control", "pure medium - control", "normal skin fibroblasts", "normal skin fibroblasts", "neonatal highly pigmented  melanocytes", "pure medium - control", "neonatal highly pigmented  melanocytes", "pure medium - control", "neonatal highly pigmented  melanocytes", "melanoma cells", "neonatal highly pigmented  melanocytes", "melanoma cells", "melanoma cells", "normal skin fibroblasts", "melanoma cells", "melanoma cells", "neonatal highly pigmented  melanocytes", "tumour associated fibroblasts", "normal skin fibroblasts", "pure medium - control", "melanoma cells", "normal skin fibroblasts", "neonatal highly pigmented  melanocytes", "tumour associated fibroblasts", "pure medium - control", "tumour associated fibroblasts", "pure medium - control", "neonatal highly pigmented  melanocytes", "pure medium - control", "tumour associated fibroblasts", "tumour associated fibroblasts", "normal skin fibroblasts", "neonatal highly pigmented  melanocytes", "tumour associated fibroblasts", "normal skin fibroblasts", "melanoma cells", "neonatal highly pigmented  melanocytes", "melanoma cells", "neonatal highly pigmented  melanocytes", "melanoma cells", "melanoma cells", "pure medium - control", "melanoma cells", "melanoma cells", "pure medium - control"]}