{"accuracy_top-1": 99.3670883178711, "precision": 99.54545454545455, "recall": 99.25925925925927, "f1_score": 99.3927564519627, "confusion": [[26, 0, 0, 1, 0], [0, 32, 0, 0, 0], [0, 0, 27, 0, 0], [0, 0, 0, 43, 0], [0, 0, 0, 0, 29]], "pred_score": [0.9999997615814209, 0.9999998807907104, 0.9997555613517761, 1.0, 0.9927060008049011, 1.0, 0.9999955892562866, 1.0, 0.9999915361404419, 1.0, 0.9999998807907104, 0.9999959468841553, 0.9999849796295166, 0.9989689588546753, 1.0, 0.9999997615814209, 0.999998927116394, 0.9999997615814209, 0.9999998807907104, 1.0, 0.9998540878295898, 0.9999959468841553, 1.0, 0.9999998807907104, 0.966619610786438, 0.9999996423721313, 1.0, 0.9999978542327881, 1.0, 1.0, 1.0, 0.9999752044677734, 0.9999921321868896, 0.9993558526039124, 1.0, 0.9997603297233582, 1.0, 0.9999998807907104, 1.0, 0.9999979734420776, 1.0, 0.9999563694000244, 0.9876245260238647, 0.9999995231628418, 1.0, 0.9999974966049194, 0.9999996423721313, 0.9999935626983643, 1.0, 1.0, 0.9999998807907104, 1.0, 1.0, 0.999956488609314, 1.0, 1.0, 0.9999877214431763, 0.9964423775672913, 1.0, 0.9999932050704956, 1.0, 1.0, 0.9999865293502808, 0.9999887943267822, 0.999998927116394, 1.0, 0.9999094009399414, 1.0, 0.9999850988388062, 1.0, 0.999994158744812, 0.9999998807907104, 1.0, 0.9999997615814209, 1.0, 1.0, 1.0, 1.0, 1.0, 1.0, 1.0, 1.0, 0.9998877048492432, 0.7299076318740845, 0.9999995231628418, 0.9999996423721313, 1.0, 1.0, 1.0, 0.9999982118606567, 0.9999998807907104, 1.0, 0.9999986886978149, 0.9999996423721313, 1.0, 1.0, 0.9999691247940063, 1.0, 0.9970146417617798, 0.9999996423721313, 0.999964714050293, 1.0, 1.0, 0.9999998807907104, 0.9999996423721313, 0.9999946355819702, 0.9999964237213135, 1.0, 0.9999994039535522, 0.9996763467788696, 0.9999663829803467, 1.0, 0.9999617338180542, 0.9999998807907104, 0.9999995231628418, 0.9999972581863403, 1.0, 0.9999997615814209, 0.9999995231628418, 0.971822202205658, 0.9999992847442627, 0.9999986886978149, 0.9999967813491821, 0.9999996423721313, 0.9999598264694214, 0.9997395873069763, 1.0, 1.0, 1.0, 0.9999998807907104, 1.0, 0.9999990463256836, 1.0, 0.9995092153549194, 1.0, 0.9999997615814209, 0.9999997615814209, 1.0, 0.9999998807907104, 0.9999994039535522, 1.0, 0.9996048808097839, 0.9852698445320129, 0.9999997615814209, 0.999958872795105, 0.9998365640640259, 0.9999300241470337, 0.999948263168335, 1.0, 0.9999995231628418, 0.9999997615814209, 1.0, 0.999932050704956, 1.0, 0.9999924898147583, 1.0, 0.9999998807907104, 1.0], "pred_label": [1, 1, 2, 0, 3, 1, 1, 0, 4, 2, 4, 3, 2, 0, 1, 2, 2, 3, 0, 4, 0, 4, 0, 3, 1, 2, 0, 3, 2, 3, 4, 3, 2, 3, 3, 0, 4, 3, 1, 0, 0, 4, 3, 3, 2, 1, 4, 0, 1, 4, 0, 4, 4, 3, 0, 2, 4, 0, 0, 4, 2, 0, 3, 1, 4, 0, 3, 2, 3, 2, 3, 4, 1, 3, 1, 1, 2, 2, 2, 3, 1, 4, 1, 3, 2, 2, 1, 1, 3, 0, 3, 4, 1, 3, 1, 1, 1, 3, 2, 2, 1, 4, 2, 3, 2, 3, 3, 3, 3, 1, 3, 4, 3, 4, 2, 3, 2, 0, 3, 4, 4, 3, 1, 1, 1, 0, 1, 4, 4, 3, 4, 3, 2, 1, 3, 0, 3, 0, 0, 2, 4, 0, 3, 4, 3, 3, 0, 3, 2, 1, 4, 1, 0, 1, 3, 3, 1, 4], "pred_class": ["neonatal highly pigmented  melanocytes", "neonatal highly pigmented  melanocytes", "normal skin fibroblasts", "melanoma cells", "pure medium - control", "neonatal highly pigmented  melanocytes", "neonatal highly pigmented  melanocytes", "melanoma cells", "tumour associated fibroblasts", "normal skin fibroblasts", "tumour associated fibroblasts", "pure medium - control", "normal skin fibroblasts", "melanoma cells", "neonatal highly pigmented  melanocytes", "normal skin fibroblasts", "normal skin fibroblasts", "pure medium - control", "melanoma cells", "tumour associated fibroblasts", "melanoma cells", "tumour associated fibroblasts", "melanoma cells", "pure medium - control", "neonatal highly pigmented  melanocytes", "normal skin fibroblasts", "melanoma cells", "pure medium - control", "normal skin fibroblasts", "pure medium - control", "tumour associated fibroblasts", "pure medium - control", "normal skin fibroblasts", "pure medium - control", "pure medium - control", "melanoma cells", "tumour associated fibroblasts", "pure medium - control", "neonatal highly pigmented  melanocytes", "melanoma cells", "melanoma cells", "tumour associated fibroblasts", "pure medium - control", "pure medium - control", "normal skin fibroblasts", "neonatal highly pigmented  melanocytes", "tumour associated fibroblasts", "melanoma cells", "neonatal highly pigmented  melanocytes", "tumour associated fibroblasts", "melanoma cells", "tumour associated fibroblasts", "tumour associated fibroblasts", "pure medium - control", "melanoma cells", "normal skin fibroblasts", "tumour associated fibroblasts", "melanoma cells", "melanoma cells", "tumour associated fibroblasts", "normal skin fibroblasts", "melanoma cells", "pure medium - control", "neonatal highly pigmented  melanocytes", "tumour associated fibroblasts", "melanoma cells", "pure medium - control", "normal skin fibroblasts", "pure medium - control", "normal skin fibroblasts", "pure medium - control", "tumour associated fibroblasts", "neonatal highly pigmented  melanocytes", "pure medium - control", "neonatal highly pigmented  melanocytes", "neonatal highly pigmented  melanocytes", "normal skin fibroblasts", "normal skin fibroblasts", "normal skin fibroblasts", "pure medium - control", "neonatal highly pigmented  melanocytes", "tumour associated fibroblasts", "neonatal highly pigmented  melanocytes", "pure medium - control", "normal skin fibroblasts", "normal skin fibroblasts", "neonatal highly pigmented  melanocytes", "neonatal highly pigmented  melanocytes", "pure medium - control", "melanoma cells", "pure medium - control", "tumour associated fibroblasts", "neonatal highly pigmented  melanocytes", "pure medium - control", "neonatal highly pigmented  melanocytes", "neonatal highly pigmented  melanocytes", "neonatal highly pigmented  melanocytes", "pure medium - control", "normal skin fibroblasts", "normal skin fibroblasts", "neonatal highly pigmented  melanocytes", "tumour associated fibroblasts", "normal skin fibroblasts", "pure medium - control", "normal skin fibroblasts", "pure medium - control", "pure medium - control", "pure medium - control", "pure medium - control", "neonatal highly pigmented  melanocytes", "pure medium - control", "tumour associated fibroblasts", "pure medium - control", "tumour associated fibroblasts", "normal skin fibroblasts", "pure medium - control", "normal skin fibroblasts", "melanoma cells", "pure medium - control", "tumour associated fibroblasts", "tumour associated fibroblasts", "pure medium - control", "neonatal highly pigmented  melanocytes", "neonatal highly pigmented  melanocytes", "neonatal highly pigmented  melanocytes", "melanoma cells", "neonatal highly pigmented  melanocytes", "tumour associated fibroblasts", "tumour associated fibroblasts", "pure medium - control", "tumour associated fibroblasts", "pure medium - control", "normal skin fibroblasts", "neonatal highly pigmented  melanocytes", "pure medium - control", "melanoma cells", "pure medium - control", "melanoma cells", "melanoma cells", "normal skin fibroblasts", "tumour associated fibroblasts", "melanoma cells", "pure medium - control", "tumour associated fibroblasts", "pure medium - control", "pure medium - control", "melanoma cells", "pure medium - control", "normal skin fibroblasts", "neonatal highly pigmented  melanocytes", "tumour associated fibroblasts", "neonatal highly pigmented  melanocytes", "melanoma cells", "neonatal highly pigmented  melanocytes", "pure medium - control", "pure medium - control", "neonatal highly pigmented  melanocytes", "tumour associated fibroblasts"]}