{"accuracy_top-1": 89.36170196533203, "precision": 90.50925925925925, "recall": 88.8888888888889, "f1_score": 88.51495726495727, "confusion": [[10, 0, 0, 0, 0, 0], [0, 8, 0, 0, 0, 0], [0, 0, 7, 0, 0, 0], [0, 0, 0, 7, 0, 1], [0, 0, 0, 0, 5, 3], [0, 0, 0, 1, 0, 5]], "pred_score": [0.996749758720398, 0.9999867677688599, 0.9999998807907104, 0.9999858140945435, 0.9999939203262329, 0.9761501550674438, 0.9997965693473816, 0.9690031409263611, 1.0, 0.999942421913147, 1.0, 0.9992153644561768, 0.8387739062309265, 0.5219881534576416, 1.0, 0.9999150037765503, 0.9577838182449341, 0.9997448325157166, 0.999576985836029, 1.0, 1.0, 1.0, 0.9936960339546204, 0.9999996423721313, 0.9999924898147583, 0.9996907711029053, 0.9999997615814209, 0.9995425939559937, 0.999998927116394, 0.9999992847442627, 0.9999998807907104, 0.9999997615814209, 0.9356582760810852, 1.0, 0.999708354473114, 0.999687910079956, 0.9999984502792358, 0.9999841451644897, 0.9999990463256836, 1.0, 0.9999958276748657, 0.9955008625984192, 0.9987420439720154, 1.0, 0.9999904632568359, 0.9995282888412476, 0.7435092926025391], "pred_label": [4, 5, 1, 1, 0, 3, 5, 5, 2, 5, 1, 3, 3, 3, 1, 5, 2, 3, 0, 1, 0, 2, 3, 0, 4, 3, 2, 4, 1, 2, 2, 0, 4, 0, 3, 0, 0, 5, 2, 0, 1, 1, 5, 0, 4, 5, 5], "pred_class": ["MPP2", "MPP3", "CMP", "CMP", "CLP", "MPP1", "MPP3", "MPP3", "HSC", "MPP3", "CMP", "MPP1", "MPP1", "MPP1", "CMP", "MPP3", "HSC", "MPP1", "CLP", "CMP", "CLP", "HSC", "MPP1", "CLP", "MPP2", "MPP1", "HSC", "MPP2", "CMP", "HSC", "HSC", "CLP", "MPP2", "CLP", "MPP1", "CLP", "CLP", "MPP3", "HSC", "CLP", "CMP", "CMP", "MPP3", "CLP", "MPP2", "MPP3", "MPP3"]}