{"accuracy_top-1": 87.23403930664062, "precision": 86.3888888888889, "recall": 85.64814814814815, "f1_score": 85.67785700138641, "confusion": [[8, 0, 0, 0, 0, 0], [0, 10, 0, 0, 0, 0], [1, 0, 4, 0, 1, 0], [1, 0, 0, 8, 0, 0], [0, 0, 1, 0, 6, 1], [0, 0, 0, 0, 1, 5]], "pred_score": [0.6038333177566528, 0.9989218711853027, 0.999934196472168, 0.7805787324905396, 0.9999998807907104, 0.9992458820343018, 0.9680955410003662, 0.9986428618431091, 1.0, 0.9999991655349731, 0.999982476234436, 0.999268114566803, 0.7333266735076904, 0.9997319579124451, 0.999502420425415, 0.9999998807907104, 0.9960647225379944, 0.9999998807907104, 0.9999650716781616, 0.9823654294013977, 0.9524500966072083, 0.9984962940216064, 0.9999984502792358, 0.9999998807907104, 0.9999984502792358, 1.0, 0.9985356330871582, 0.9999442100524902, 0.999998927116394, 0.9999997615814209, 0.9998401403427124, 0.9899556636810303, 0.9999979734420776, 0.999997615814209, 0.9999996423721313, 0.9999929666519165, 0.9011932611465454, 0.9999626874923706, 0.9833320379257202, 0.9776853919029236, 1.0, 0.9999980926513672, 0.992699921131134, 0.8415325880050659, 0.9996734857559204, 0.9918814301490784, 0.9933464527130127], "pred_label": [0, 1, 3, 3, 0, 3, 0, 3, 2, 4, 3, 2, 0, 1, 5, 0, 1, 4, 1, 4, 4, 2, 5, 1, 1, 0, 0, 1, 5, 0, 1, 5, 4, 0, 1, 5, 4, 5, 4, 3, 1, 0, 3, 2, 2, 3, 4], "pred_class": ["CLP", "CMP", "MPP1", "MPP1", "CLP", "MPP1", "CLP", "MPP1", "HSC", "MPP2", "MPP1", "HSC", "CLP", "CMP", "MPP3", "CLP", "CMP", "MPP2", "CMP", "MPP2", "MPP2", "HSC", "MPP3", "CMP", "CMP", "CLP", "CLP", "CMP", "MPP3", "CLP", "CMP", "MPP3", "MPP2", "CLP", "CMP", "MPP3", "MPP2", "MPP3", "MPP2", "MPP1", "CMP", "CLP", "MPP1", "HSC", "HSC", "MPP1", "MPP2"]}