{"accuracy_top-1": 86.9565200805664, "precision": 88.8690476190476, "recall": 88.38624338624338, "f1_score": 87.84984079101726, "confusion": [[8, 0, 0, 1, 0, 0], [0, 7, 0, 0, 0, 0], [0, 0, 7, 0, 3, 0], [0, 0, 0, 6, 0, 0], [0, 0, 1, 0, 6, 0], [0, 0, 0, 0, 1, 6]], "pred_score": [0.9983431100845337, 0.994611382484436, 0.5232167840003967, 0.9988018274307251, 0.6971778273582458, 0.9999980926513672, 0.9999817609786987, 0.9927036762237549, 0.5743435621261597, 0.9920227527618408, 1.0, 0.9966261386871338, 1.0, 0.7809377312660217, 0.5975059866905212, 0.9989239573478699, 0.956929624080658, 1.0, 0.9980922341346741, 0.8370063304901123, 0.9995854496955872, 0.999147891998291, 0.8391626477241516, 0.9999381303787231, 1.0, 0.9999992847442627, 1.0, 0.9999916553497314, 1.0, 0.9944684505462646, 0.9999994039535522, 0.996291995048523, 0.999997615814209, 0.9999994039535522, 0.9932102560997009, 1.0, 0.9999972581863403, 0.9997236132621765, 0.9999821186065674, 0.9999933242797852, 0.9999974966049194, 0.9999637603759766, 1.0, 0.9999997615814209, 0.998900294303894, 1.0], "pred_label": [4, 5, 2, 0, 3, 1, 3, 4, 3, 5, 0, 2, 2, 4, 2, 5, 4, 0, 3, 4, 3, 4, 2, 5, 0, 1, 1, 4, 0, 2, 1, 0, 4, 1, 5, 1, 4, 3, 1, 0, 5, 4, 2, 2, 3, 0], "pred_class": ["MPP2", "MPP3", "HSC", "CLP", "MPP1", "CMP", "MPP1", "MPP2", "MPP1", "MPP3", "CLP", "HSC", "HSC", "MPP2", "HSC", "MPP3", "MPP2", "CLP", "MPP1", "MPP2", "MPP1", "MPP2", "HSC", "MPP3", "CLP", "CMP", "CMP", "MPP2", "CLP", "HSC", "CMP", "CLP", "MPP2", "CMP", "MPP3", "CMP", "MPP2", "MPP1", "CMP", "CLP", "MPP3", "MPP2", "HSC", "HSC", "MPP1", "CLP"]}