{"accuracy_top-1": 89.13043212890625, "precision": 88.73015873015873, "recall": 88.8888888888889, "f1_score": 88.2765246735835, "confusion": [[6, 0, 0, 0, 0, 0], [0, 8, 0, 0, 0, 0], [0, 0, 4, 0, 1, 1], [1, 1, 0, 7, 0, 0], [0, 0, 1, 0, 8, 0], [0, 0, 0, 0, 0, 8]], "pred_score": [0.9341023564338684, 0.9987640380859375, 0.9999991655349731, 0.881862998008728, 0.675625741481781, 0.9999855756759644, 0.9998341798782349, 0.9999998807907104, 0.9787307381629944, 0.9999991655349731, 0.9999978542327881, 0.9998669624328613, 0.9999845027923584, 0.9999998807907104, 0.9613329768180847, 1.0, 0.6284530758857727, 0.9999964237213135, 0.9999982118606567, 0.9999699592590332, 0.9998366832733154, 0.7165672779083252, 0.9431396722793579, 0.9999995231628418, 0.9998369216918945, 0.9566003084182739, 0.9999995231628418, 0.9999996423721313, 1.0, 0.9999996423721313, 0.9808268547058105, 0.999992847442627, 0.5591561198234558, 0.9998444318771362, 0.9999982118606567, 0.9550809860229492, 0.961449921131134, 1.0, 0.994494616985321, 1.0, 0.9960646033287048, 0.9999994039535522, 0.9999967813491821, 0.9999868869781494, 0.9908558130264282, 0.9997764229774475], "pred_label": [1, 0, 5, 0, 3, 4, 2, 4, 5, 4, 1, 0, 1, 5, 5, 5, 2, 1, 1, 0, 2, 3, 5, 4, 3, 0, 1, 1, 5, 0, 4, 3, 4, 3, 4, 4, 4, 5, 3, 5, 2, 2, 1, 1, 3, 0], "pred_class": ["CMP", "CLP", "MPP3", "CLP", "MPP1", "MPP2", "HSC", "MPP2", "MPP3", "MPP2", "CMP", "CLP", "CMP", "MPP3", "MPP3", "MPP3", "HSC", "CMP", "CMP", "CLP", "HSC", "MPP1", "MPP3", "MPP2", "MPP1", "CLP", "CMP", "CMP", "MPP3", "CLP", "MPP2", "MPP1", "MPP2", "MPP1", "MPP2", "MPP2", "MPP2", "MPP3", "MPP1", "MPP3", "HSC", "HSC", "CMP", "CMP", "MPP1", "CLP"]}