{"accuracy_top-1": 87.23403930664062, "precision": 86.65824915824915, "recall": 88.33333333333333, "f1_score": 86.37863185632064, "confusion": [[8, 1, 0, 0, 1, 0], [0, 11, 0, 0, 0, 0], [0, 0, 2, 0, 0, 0], [1, 0, 0, 5, 0, 0], [0, 0, 1, 0, 8, 0], [0, 0, 0, 0, 2, 7]], "pred_score": [0.9994357228279114, 0.9999998807907104, 0.9999992847442627, 0.9997954964637756, 0.9724977612495422, 0.9999871253967285, 0.999998927116394, 0.9999496936798096, 0.9999995231628418, 0.9996201992034912, 0.9871922731399536, 0.7842723727226257, 0.9999947547912598, 0.9989091157913208, 0.9999477863311768, 1.0, 1.0, 0.9988783001899719, 0.9985925555229187, 1.0, 0.9989577531814575, 0.8435923457145691, 0.8789594769477844, 1.0, 1.0, 0.9938641786575317, 0.994178295135498, 1.0, 0.9999997615814209, 0.9999828338623047, 1.0, 0.9999995231628418, 0.9998564720153809, 0.9999972581863403, 0.9986749291419983, 0.9999912977218628, 0.8103545308113098, 0.9920107126235962, 1.0, 0.9931849837303162, 1.0, 1.0, 0.9999998807907104, 0.9999463558197021, 0.9999971389770508, 0.9999994039535522, 0.8082931041717529], "pred_label": [5, 1, 5, 3, 1, 5, 1, 0, 1, 0, 4, 4, 4, 0, 5, 4, 1, 4, 4, 1, 2, 3, 0, 0, 4, 4, 2, 0, 1, 5, 1, 1, 3, 0, 3, 5, 1, 3, 1, 5, 0, 4, 1, 0, 4, 2, 4], "pred_class": ["MPP3", "CMP", "MPP3", "MPP1", "CMP", "MPP3", "CMP", "CLP", "CMP", "CLP", "MPP2", "MPP2", "MPP2", "CLP", "MPP3", "MPP2", "CMP", "MPP2", "MPP2", "CMP", "HSC", "MPP1", "CLP", "CLP", "MPP2", "MPP2", "HSC", "CLP", "CMP", "MPP3", "CMP", "CMP", "MPP1", "CLP", "MPP1", "MPP3", "CMP", "MPP1", "CMP", "MPP3", "CLP", "MPP2", "CMP", "CLP", "MPP2", "HSC", "MPP2"]}