{"accuracy_top-1": 84.78260803222656, "precision": 83.33333333333333, "recall": 85.55555555555556, "f1_score": 82.26010101010101, "confusion": [[8, 0, 0, 0, 0, 0], [0, 11, 0, 0, 0, 0], [0, 0, 4, 0, 0, 0], [0, 0, 2, 7, 0, 0], [0, 0, 2, 0, 5, 2], [0, 0, 0, 0, 1, 4]], "pred_score": [0.9917998909950256, 0.9999909400939941, 0.9999997615814209, 0.9999954700469971, 0.9999998807907104, 0.6149272918701172, 1.0, 0.6126154065132141, 0.9999979734420776, 0.919279158115387, 0.9997733235359192, 0.509386420249939, 0.9994111061096191, 0.9999973773956299, 1.0, 0.9884045124053955, 1.0, 0.9863744974136353, 0.999971866607666, 0.9998489618301392, 0.9999933242797852, 1.0, 0.6921924948692322, 0.9999997615814209, 1.0, 0.526917040348053, 0.9999988079071045, 0.9999954700469971, 0.9999997615814209, 0.9989516735076904, 0.9999998807907104, 0.9349588751792908, 0.9957660436630249, 0.9972361922264099, 0.9999561309814453, 0.9999982118606567, 0.9999994039535522, 0.9138573408126831, 0.9999821186065674, 0.9999983310699463, 0.9961779117584229, 0.9994789958000183, 0.9999856948852539, 0.9572792053222656, 0.9999997615814209, 0.9999959468841553], "pred_label": [3, 0, 0, 4, 4, 5, 1, 2, 1, 5, 3, 4, 3, 1, 1, 2, 0, 2, 3, 5, 5, 0, 2, 4, 0, 2, 0, 1, 1, 3, 5, 2, 0, 2, 5, 3, 1, 2, 1, 4, 0, 1, 4, 3, 1, 1], "pred_class": ["MPP1", "CLP", "CLP", "MPP2", "MPP2", "MPP3", "CMP", "HSC", "CMP", "MPP3", "MPP1", "MPP2", "MPP1", "CMP", "CMP", "HSC", "CLP", "HSC", "MPP1", "MPP3", "MPP3", "CLP", "HSC", "MPP2", "CLP", "HSC", "CLP", "CMP", "CMP", "MPP1", "MPP3", "HSC", "CLP", "HSC", "MPP3", "MPP1", "CMP", "HSC", "CMP", "MPP2", "CLP", "CMP", "MPP2", "MPP1", "CMP", "CMP"]}