{"accuracy_top-1": 97.8723373413086, "precision": 98.14814814814815, "recall": 98.14814814814815, "f1_score": 98.03921568627452, "confusion": [[8, 0, 0, 1, 0, 0], [0, 13, 0, 0, 0, 0], [0, 0, 4, 0, 0, 0], [0, 0, 0, 8, 0, 0], [0, 0, 0, 0, 4, 0], [0, 0, 0, 0, 0, 9]], "pred_score": [1.0, 1.0, 0.9999998807907104, 0.9999839067459106, 0.9998488426208496, 0.9999842643737793, 1.0, 0.9888890981674194, 0.9982966780662537, 0.9998177886009216, 0.9945690631866455, 0.5755831599235535, 0.999991774559021, 1.0, 0.9867857098579407, 0.9999992847442627, 0.989925742149353, 0.9999977350234985, 0.9999788999557495, 0.9999972581863403, 0.9988227486610413, 0.9999991655349731, 0.7107725143432617, 0.9999779462814331, 0.9152765274047852, 1.0, 0.9999924898147583, 0.7996240258216858, 0.99994957447052, 0.9987701773643494, 0.5771931409835815, 0.999937891960144, 0.9999754428863525, 1.0, 0.9999427795410156, 0.9986108541488647, 0.9999934434890747, 1.0, 0.9090049862861633, 0.9992750287055969, 0.6522054076194763, 0.9997610449790955, 0.9999995231628418, 0.9981416463851929, 0.9999179840087891, 0.9999860525131226, 0.9953675270080566], "pred_label": [2, 1, 1, 0, 1, 4, 1, 5, 3, 3, 5, 3, 1, 1, 5, 5, 1, 1, 3, 1, 2, 0, 3, 2, 0, 0, 5, 0, 3, 5, 3, 0, 1, 5, 4, 2, 4, 0, 1, 1, 0, 3, 4, 5, 1, 5, 3], "pred_class": ["HSC", "CMP", "CMP", "CLP", "CMP", "MPP2", "CMP", "MPP3", "MPP1", "MPP1", "MPP3", "MPP1", "CMP", "CMP", "MPP3", "MPP3", "CMP", "CMP", "MPP1", "CMP", "HSC", "CLP", "MPP1", "HSC", "CLP", "CLP", "MPP3", "CLP", "MPP1", "MPP3", "MPP1", "CLP", "CMP", "MPP3", "MPP2", "HSC", "MPP2", "CLP", "CMP", "CMP", "CLP", "MPP1", "MPP2", "MPP3", "CMP", "MPP3", "MPP1"]}