{"accuracy_top-1": 89.36170196533203, "precision": 87.4074074074074, "recall": 88.7878787878788, "f1_score": 87.57756132756133, "confusion": [[7, 0, 0, 0, 0, 0], [0, 8, 0, 0, 0, 0], [0, 0, 9, 0, 1, 1], [1, 0, 0, 10, 0, 0], [1, 0, 0, 0, 4, 0], [0, 0, 0, 0, 1, 4]], "pred_score": [0.9998914003372192, 0.928144097328186, 0.9999867677688599, 0.999334990978241, 0.9999997615814209, 0.9989919066429138, 0.9916576743125916, 1.0, 0.9998832941055298, 0.9999998807907104, 0.9999719858169556, 0.9999009370803833, 0.9999986886978149, 0.5545504689216614, 0.9979808926582336, 0.5236532688140869, 0.9999163150787354, 0.9999998807907104, 0.6633575558662415, 0.9988314509391785, 1.0, 0.9948373436927795, 0.9999982118606567, 0.9999749660491943, 0.9999996423721313, 0.9976950287818909, 0.9999991655349731, 0.9572633504867554, 0.5980377793312073, 0.8436981439590454, 0.9975587129592896, 0.8901390433311462, 0.9986371397972107, 0.9999310970306396, 0.9999998807907104, 0.9980657696723938, 0.999987006187439, 0.9996980428695679, 0.9991777539253235, 0.9998446702957153, 0.999860405921936, 0.9981471300125122, 0.9942649006843567, 0.9921373724937439, 0.9803628325462341, 0.9999920129776001, 1.0], "pred_label": [2, 2, 1, 3, 1, 3, 3, 0, 1, 5, 5, 3, 0, 0, 2, 0, 3, 4, 4, 5, 2, 5, 4, 5, 1, 0, 0, 3, 4, 1, 2, 2, 0, 3, 2, 3, 4, 3, 1, 2, 4, 3, 1, 2, 0, 0, 1], "pred_class": ["HSC", "HSC", "CMP", "MPP1", "CMP", "MPP1", "MPP1", "CLP", "CMP", "MPP3", "MPP3", "MPP1", "CLP", "CLP", "HSC", "CLP", "MPP1", "MPP2", "MPP2", "MPP3", "HSC", "MPP3", "MPP2", "MPP3", "CMP", "CLP", "CLP", "MPP1", "MPP2", "CMP", "HSC", "HSC", "CLP", "MPP1", "HSC", "MPP1", "MPP2", "MPP1", "CMP", "HSC", "MPP2", "MPP1", "CMP", "HSC", "CLP", "CLP", "CMP"]}