{"accuracy_top-1": 95.65217590332031, "precision": 95.15151515151514, "recall": 96.06481481481482, "f1_score": 95.2629940865235, "confusion": [[10, 0, 0, 0, 0, 0], [0, 4, 0, 0, 0, 0], [1, 0, 8, 0, 0, 0], [0, 1, 0, 7, 0, 0], [0, 0, 0, 0, 6, 0], [0, 0, 0, 0, 0, 9]], "pred_score": [0.999997615814209, 0.9999982118606567, 0.9999673366546631, 0.9999886751174927, 0.9997618794441223, 1.0, 0.999832272529602, 0.999992847442627, 0.9998635053634644, 0.9999316930770874, 0.9876455664634705, 0.9999984502792358, 0.5184779167175293, 0.8356948494911194, 0.9999995231628418, 0.7886189818382263, 0.9999672174453735, 0.9999765157699585, 0.9831657409667969, 0.9993913173675537, 0.9999933242797852, 0.9999990463256836, 0.9981403350830078, 0.9962945580482483, 0.9958090782165527, 0.9999997615814209, 0.9999971389770508, 1.0, 0.9994083642959595, 0.9999991655349731, 0.9994041919708252, 1.0, 0.9938429594039917, 0.9999597072601318, 0.9999655485153198, 0.9996416568756104, 0.9999998807907104, 1.0, 0.9998778104782104, 0.9999998807907104, 1.0, 0.994425892829895, 1.0, 1.0, 0.9999988079071045, 0.9700090289115906], "pred_label": [0, 5, 3, 5, 0, 2, 2, 0, 3, 5, 4, 1, 0, 2, 4, 3, 2, 3, 0, 4, 2, 5, 5, 1, 4, 0, 1, 2, 5, 1, 1, 5, 3, 0, 4, 5, 4, 2, 0, 5, 2, 3, 0, 0, 0, 3], "pred_class": ["CLP", "MPP3", "MPP1", "MPP3", "CLP", "HSC", "HSC", "CLP", "MPP1", "MPP3", "MPP2", "CMP", "CLP", "HSC", "MPP2", "MPP1", "HSC", "MPP1", "CLP", "MPP2", "HSC", "MPP3", "MPP3", "CMP", "MPP2", "CLP", "CMP", "HSC", "MPP3", "CMP", "CMP", "MPP3", "MPP1", "CLP", "MPP2", "MPP3", "MPP2", "HSC", "CLP", "MPP3", "HSC", "MPP1", "CLP", "CLP", "CLP", "MPP1"]}