{"accuracy_top-1": 89.36170196533203, "precision": 88.01587301587301, "recall": 88.30627705627705, "f1_score": 87.91068580542264, "confusion": [[10, 0, 0, 0, 1, 0], [0, 9, 0, 0, 0, 0], [0, 0, 7, 0, 1, 0], [0, 1, 0, 6, 0, 0], [0, 0, 0, 0, 4, 1], [0, 0, 0, 1, 0, 6]], "pred_score": [0.9999971389770508, 0.9650227427482605, 0.9999911785125732, 0.9999654293060303, 1.0, 1.0, 1.0, 0.999833345413208, 0.9999998807907104, 0.9995120763778687, 0.9998862743377686, 0.9887218475341797, 0.9930209517478943, 0.9972831010818481, 0.9999969005584717, 0.9998756647109985, 0.9999983310699463, 1.0, 1.0, 0.998925507068634, 0.9999995231628418, 0.9999996423721313, 0.9999685287475586, 0.9859269857406616, 0.9999988079071045, 0.9967293739318848, 0.9999998807907104, 0.999995231628418, 0.5398815274238586, 0.9971824884414673, 0.8274399638175964, 1.0, 0.9999107122421265, 0.9999998807907104, 0.7820371389389038, 0.9132742881774902, 0.9997915625572205, 0.6846888661384583, 0.8441067337989807, 0.9999990463256836, 0.9997279047966003, 0.9999997615814209, 1.0, 0.7278853058815002, 0.9999984502792358, 0.9999988079071045, 0.9999852180480957], "pred_label": [3, 2, 3, 1, 5, 5, 0, 2, 1, 1, 2, 5, 5, 5, 1, 1, 1, 0, 0, 2, 1, 0, 1, 3, 4, 2, 3, 0, 0, 3, 0, 0, 5, 0, 5, 4, 3, 3, 4, 0, 2, 4, 1, 4, 1, 2, 4], "pred_class": ["MPP1", "HSC", "MPP1", "CMP", "MPP3", "MPP3", "CLP", "HSC", "CMP", "CMP", "HSC", "MPP3", "MPP3", "MPP3", "CMP", "CMP", "CMP", "CLP", "CLP", "HSC", "CMP", "CLP", "CMP", "MPP1", "MPP2", "HSC", "MPP1", "CLP", "CLP", "MPP1", "CLP", "CLP", "MPP3", "CLP", "MPP3", "MPP2", "MPP1", "MPP1", "MPP2", "CLP", "HSC", "MPP2", "CMP", "MPP2", "CMP", "HSC", "MPP2"]}