{"accuracy_top-1": 97.93814086914062, "precision": 97.72435897435898, "recall": 97.80288189456272, "f1_score": 97.74208247892459, "confusion": [[30, 1, 0, 0, 0], [1, 37, 0, 0, 0], [0, 0, 34, 0, 0], [0, 0, 0, 52, 0], [1, 1, 0, 0, 37]], "pred_score": [0.9464271664619446, 0.9999995231628418, 0.9998680353164673, 0.9999997615814209, 0.9980339407920837, 0.9736234545707703, 0.9999997615814209, 0.9999998807907104, 0.9999998807907104, 1.0, 0.9998434782028198, 0.9997865557670593, 0.9999995231628418, 1.0, 0.9999967813491821, 0.9928557872772217, 0.9998059868812561, 0.9973056316375732, 1.0, 0.9998038411140442, 0.9999997615814209, 0.9891901016235352, 0.9998846054077148, 0.9992948770523071, 1.0, 0.997599184513092, 0.9996198415756226, 0.9999997615814209, 0.9999997615814209, 0.9999827146530151, 0.9994630217552185, 0.9999979734420776, 0.9999985694885254, 0.9950082302093506, 0.9999946355819702, 0.9234046936035156, 0.9999995231628418, 0.9999983310699463, 0.9997391104698181, 1.0, 0.972353994846344, 0.9997279047966003, 0.9993209838867188, 0.9999521970748901, 1.0, 0.9999743700027466, 0.9999966621398926, 0.9996981620788574, 0.6033938527107239, 0.9999985694885254, 0.6350074410438538, 0.9995342493057251, 0.9995334148406982, 0.9996606111526489, 0.9999998807907104, 1.0, 0.9733775854110718, 0.9999347925186157, 0.999996542930603, 0.9995212554931641, 0.9999998807907104, 0.9999997615814209, 0.9999912977218628, 0.9999996423721313, 0.9975879192352295, 0.6593329310417175, 0.9999996423721313, 0.6533810496330261, 0.9999260902404785, 0.9965701103210449, 0.9867162704467773, 0.9999589920043945, 0.9999998807907104, 0.9999947547912598, 1.0, 0.9948531985282898, 0.7904222011566162, 0.9999649524688721, 0.9999679327011108, 0.99993896484375, 0.6068941950798035, 0.9971649050712585, 0.9414985179901123, 0.9999241828918457, 0.9999978542327881, 0.9999980926513672, 0.9998061060905457, 0.9999998807907104, 0.9999982118606567, 0.9999983310699463, 0.9979329109191895, 1.0, 0.9999998807907104, 0.9997437596321106, 0.9988044500350952, 0.9999997615814209, 0.9765779376029968, 1.0, 0.9999929666519165, 0.8286190032958984, 0.9999954700469971, 0.999998927116394, 0.9999946355819702, 0.9988413453102112, 0.9994125366210938, 1.0, 0.9998356103897095, 0.9999324083328247, 0.9999908208847046, 0.9999269247055054, 0.9999996423721313, 0.9994483590126038, 0.9858912825584412, 0.9999881982803345, 0.9998571872711182, 0.9999995231628418, 0.9999979734420776, 1.0, 0.999998927116394, 0.9999991655349731, 0.9994366765022278, 0.9130569100379944, 0.9999910593032837, 0.9999967813491821, 0.9998323917388916, 1.0, 0.9999914169311523, 0.9780680537223816, 0.9999908208847046, 0.9999921321868896, 0.999998927116394, 0.9788661599159241, 0.8780759572982788, 0.6243647336959839, 0.9999877214431763, 0.9999998807907104, 0.9977458119392395, 0.9998013377189636, 0.999817430973053, 0.9997310042381287, 0.9999847412109375, 1.0, 0.9999992847442627, 0.9999672174453735, 1.0, 0.9999397993087769, 0.9997443556785583, 0.9998918771743774, 0.9999557733535767, 0.9998574256896973, 0.9999152421951294, 0.9999995231628418, 0.9985421895980835, 0.9991975426673889, 0.9983857870101929, 0.5374616980552673, 0.999998927116394, 0.9995954632759094, 0.9999828338623047, 0.9999918937683105, 1.0, 0.9999923706054688, 0.9942042231559753, 0.9745144844055176, 0.999991774559021, 0.9999997615814209, 0.999977707862854, 0.999967098236084, 0.9999982118606567, 0.9925668239593506, 0.9999918937683105, 0.9925073981285095, 0.9999982118606567, 0.9999998807907104, 0.9993916749954224, 0.9999957084655762, 0.9694394469261169, 0.999983549118042, 0.9999996423721313, 1.0, 1.0, 1.0, 0.999714195728302, 0.9999992847442627, 0.9981221556663513, 0.9996229410171509, 0.9999982118606567, 0.9977130889892578, 0.9997887015342712, 0.9995629191398621, 0.9999940395355225, 0.8212606906890869, 0.9999028444290161, 0.9999228715896606], "pred_label": [2, 3, 2, 2, 3, 4, 2, 4, 4, 2, 4, 0, 2, 2, 2, 1, 3, 4, 1, 3, 4, 3, 2, 0, 4, 1, 1, 4, 1, 2, 3, 0, 0, 1, 1, 3, 0, 2, 4, 2, 2, 4, 3, 2, 1, 3, 2, 2, 4, 3, 3, 4, 2, 0, 2, 1, 1, 2, 3, 0, 2, 0, 1, 3, 3, 0, 1, 0, 0, 4, 4, 0, 3, 2, 4, 0, 4, 3, 0, 1, 1, 3, 1, 0, 4, 2, 4, 2, 2, 3, 2, 0, 2, 4, 1, 4, 0, 3, 3, 3, 4, 3, 4, 2, 1, 0, 0, 1, 1, 3, 1, 1, 4, 3, 3, 4, 3, 1, 3, 1, 3, 4, 3, 0, 3, 4, 2, 1, 3, 3, 1, 1, 4, 2, 0, 4, 3, 0, 3, 4, 4, 1, 4, 0, 0, 1, 1, 3, 3, 0, 0, 0, 1, 3, 1, 3, 4, 4, 1, 3, 2, 0, 3, 0, 3, 3, 2, 3, 4, 4, 1, 3, 1, 1, 4, 3, 2, 2, 3, 1, 1, 0, 0, 3, 3, 3, 0, 1, 3, 3, 2, 4, 1, 3],