{"accuracy_top-1": 96.90721130371094, "precision": 96.82590612002377, "recall": 97.44421906693712, "f1_score": 97.08544434812625, "confusion": [[54, 1, 0, 1, 2], [0, 34, 0, 0, 0], [0, 1, 33, 0, 0], [1, 0, 0, 33, 0], [0, 0, 0, 0, 34]], "pred_score": [0.9858132004737854, 0.9999831914901733, 0.9999996423721313, 0.9996108412742615, 0.999862551689148, 0.9999865293502808, 0.9999996423721313, 0.9999969005584717, 0.9999656677246094, 0.8809012174606323, 0.9807995557785034, 0.9986935257911682, 0.9987115859985352, 0.9441539645195007, 1.0, 0.99996018409729, 0.9993981122970581, 0.9999998807907104, 0.94035804271698, 0.9998564720153809, 1.0, 0.9997554421424866, 0.9999957084655762, 0.997565507888794, 1.0, 1.0, 0.4801805913448334, 0.9978354573249817, 0.9999771118164062, 0.9866541028022766, 0.9999997615814209, 0.9841316342353821, 0.9997785687446594, 0.9999994039535522, 0.9995689988136292, 0.9999954700469971, 0.9999959468841553, 0.9939640164375305, 0.9991453886032104, 0.9990860223770142, 0.9999889135360718, 0.9924161434173584, 0.9999598264694214, 0.9999995231628418, 0.9002766013145447, 0.9844803214073181, 0.9696533679962158, 0.9998921155929565, 0.999982476234436, 0.9995347261428833, 0.9979717135429382, 1.0, 0.9890795350074768, 1.0, 0.9844490885734558, 0.9999576807022095, 0.9926175475120544, 0.9900352358818054, 0.9999983310699463, 0.9999773502349854, 0.9999902248382568, 0.9999324083328247, 0.9524775743484497, 0.9997530579566956, 0.9999791383743286, 0.7758741974830627, 0.9999992847442627, 0.9999098777770996, 0.552543580532074, 0.9999575614929199, 0.9999339580535889, 0.9715703129768372, 0.999996542930603, 0.9999967813491821, 0.9886811971664429, 0.9999977350234985, 0.9921892881393433, 0.9999200105667114, 0.9995682835578918, 0.8805896639823914, 1.0, 0.8855067491531372, 0.9999998807907104, 0.9999940395355225, 0.9601796865463257, 0.9999980926513672, 0.9988120794296265, 0.9997429251670837, 0.9999998807907104, 0.9999264478683472, 1.0, 0.6616535782814026, 0.7363932132720947, 0.9997054934501648, 0.9996191263198853, 0.9999994039535522, 0.999998927116394, 0.9996893405914307, 0.9881397485733032, 0.9980218410491943, 0.9999998807907104, 0.9995482563972473, 0.9984922409057617, 1.0, 0.9916846752166748, 0.9977502226829529, 0.9999090433120728, 0.9982072114944458, 0.9999992847442627, 0.9999997615814209, 0.9999936819076538, 0.999998927116394, 0.9845634698867798, 0.9999998807907104, 0.9999594688415527, 0.9999926090240479, 0.9725816249847412, 0.9999655485153198, 0.9999816417694092, 0.9977515339851379, 0.9999775886535645, 0.44964954257011414, 0.9452055096626282, 0.9968850016593933, 0.9969135522842407, 0.9999080896377563, 0.7683535814285278, 0.9944751858711243, 0.48591843247413635, 0.9999995231628418, 0.9999908208847046, 0.9998779296875, 1.0, 0.9999991655349731, 1.0, 0.9999867677688599, 0.9828495383262634, 0.9999998807907104, 0.7688995003700256, 0.9999170303344727, 0.9991326928138733, 0.9979575872421265, 0.8167009353637695, 0.9993792772293091, 0.8095067739486694, 0.9999990463256836, 0.9996751546859741, 0.9999973773956299, 0.9999972581863403, 0.9999991655349731, 0.561732292175293, 0.9995083808898926, 0.9777456521987915, 1.0, 0.9992109537124634, 0.5672895312309265, 0.9999986886978149, 0.9999983310699463, 0.9999995231628418, 0.9999948740005493, 0.9996782541275024, 0.9997538924217224, 0.9965984225273132, 0.9996384382247925, 0.999997615814209, 0.9999357461929321, 0.5140668749809265, 0.9999923706054688, 0.9946626424789429, 0.9999994039535522, 0.9999983310699463, 0.9999337196350098, 0.997868537902832, 1.0, 0.9997586607933044, 1.0, 0.998759388923645, 0.9998915195465088, 0.9999854564666748, 0.9999988079071045, 0.9997742772102356, 0.999997615814209, 0.999996542930603, 0.9999995231628418, 0.9999945163726807, 0.8177944421768188, 0.9999980926513672, 0.9999580383300781, 0.9999679327011108, 0.9990537762641907, 0.999987006187439, 0.9843699932098389, 0.9486234784126282, 0.9999939203262329], "pred_label": [0, 0, 1, 4, 1, 4, 0, 3, 3, 4, 0, 2, 3, 0, 2, 2, 4, 1, 2, 4, 4, 4, 3, 0, 3, 2, 2, 0, 3, 0, 0, 4, 1, 0, 2, 1, 0, 4, 2, 2, 3, 0, 3, 1, 1, 0, 1, 2, 2, 2, 4, 1, 4, 0, 0, 1, 4, 1, 3, 4, 1, 0, 0, 1, 0, 0, 2, 0, 2, 4, 0, 4, 1, 1, 3, 2, 3, 0, 2, 4, 4, 0, 2, 1, 1, 0, 3, 3, 0, 4, 0, 1, 2, 4, 2, 2, 2, 1, 0, 4, 2, 3, 3, 3, 3, 0, 3, 0, 3, 2, 1, 1, 0, 4, 3, 2, 0, 4, 1, 3, 3, 3, 0, 4, 4, 3, 4, 1, 1, 0, 0, 3, 2, 0, 2, 1, 0, 0, 3, 0, 3, 1, 4, 4, 0, 0, 4, 3, 2, 3, 1, 2, 0, 2, 4, 2, 0, 3, 2, 1, 4, 1, 0, 0, 0, 1, 1, 2, 0, 3, 4, 4, 4, 0, 2, 0, 0, 3, 0, 0, 1, 0, 1, 1, 0, 0, 3, 1, 3, 1, 4, 0, 4, 4],