{"accuracy_top-1": 95.85491943359375, "precision": 95.85424422633726, "recall": 95.84565884565885, "f1_score": 95.81611599450687, "confusion": [[38, 0, 0, 1, 1], [0, 35, 0, 1, 1], [0, 1, 37, 0, 1], [1, 0, 0, 41, 0], [0, 1, 0, 0, 34]], "pred_score": [0.9649376273155212, 0.9999922513961792, 0.999995231628418, 0.9999456405639648, 0.9999998807907104, 0.9957503080368042, 0.9999618530273438, 0.9960221648216248, 0.8688347935676575, 0.9745819568634033, 0.9999566078186035, 0.9999977350234985, 0.9999904632568359, 0.9999620914459229, 0.9999980926513672, 0.9999945163726807, 0.9999749660491943, 0.9533074498176575, 0.9999973773956299, 0.9999570846557617, 0.9997692704200745, 0.9919641017913818, 0.999864935874939, 0.9999924898147583, 0.9999862909317017, 0.9999986886978149, 0.896867036819458, 0.9993577599525452, 0.9995816349983215, 0.999962568283081, 0.9999934434890747, 0.9999998807907104, 0.9999973773956299, 0.9993398785591125, 0.9999971389770508, 0.9998925924301147, 0.9995885491371155, 0.9998028874397278, 0.7486819624900818, 0.9997462630271912, 0.9997453093528748, 0.9999996423721313, 0.9999979734420776, 1.0, 0.6078324317932129, 0.9997683167457581, 0.999292254447937, 0.9999527931213379, 0.9999990463256836, 0.9998950958251953, 0.9867469072341919, 0.9830947518348694, 0.9980576634407043, 0.9985136389732361, 0.613918662071228, 0.9999985694885254, 0.9998379945755005, 1.0, 0.9908498525619507, 0.9999189376831055, 0.999968409538269, 0.9999980926513672, 0.9999126195907593, 0.9642636775970459, 0.9999212026596069, 0.9982923865318298, 0.9997522234916687, 0.9982866644859314, 0.9999877214431763, 0.9513474702835083, 0.8899826407432556, 0.983755350112915, 0.9999997615814209, 0.9999704360961914, 0.9947012662887573, 0.99988853931427, 0.9999812841415405, 0.9997556805610657, 0.9999935626983643, 0.9999935626983643, 1.0, 0.9992789626121521, 0.9999958276748657, 0.8094973564147949, 0.9999339580535889, 0.9999516010284424, 0.9785832166671753, 0.9999988079071045, 0.9999938011169434, 0.9974894523620605, 0.9999868869781494, 0.9994614720344543, 0.9999841451644897, 0.9999978542327881, 0.9999978542327881, 0.9989137649536133, 0.9999977350234985, 0.9991482496261597, 0.9993329644203186, 0.9999983310699463, 0.9999998807907104, 0.9954788684844971, 0.9957746863365173, 0.9996956586837769, 0.9999783039093018, 0.9999428987503052, 0.9961177110671997, 0.9943355917930603, 0.6991830468177795, 0.9958657026290894, 0.9999943971633911, 0.9999953508377075, 0.9964989423751831, 0.9949527978897095, 0.9865482449531555, 0.9996457099914551, 0.9992784857749939, 0.9564565420150757, 0.9888516068458557, 0.9999980926513672, 0.5375702381134033, 0.9999947547912598, 0.9998428821563721, 0.9950450658798218, 0.9999914169311523, 0.9998382329940796, 0.9997738003730774, 0.9989936947822571, 0.9999997615814209, 0.9999436140060425, 0.9991610050201416, 0.9999823570251465, 0.9968776702880859, 0.9999932050704956, 0.9998281002044678, 0.9999412298202515, 0.9997014403343201, 0.9999799728393555, 0.9971464276313782, 0.9997125267982483, 0.5035265684127808, 0.9998262524604797, 0.9999991655349731, 0.9973759651184082, 0.9981117248535156, 0.999998927116394, 0.9999858140945435, 0.9982682466506958, 0.9999997615814209, 0.9949703812599182, 0.9999998807907104, 0.999968409538269, 0.9962980151176453, 0.9923527836799622, 0.9993793964385986, 0.9999216794967651, 0.9999409914016724, 0.9999713897705078, 0.999995231628418, 0.9801779389381409, 0.9995490908622742, 0.997124969959259, 0.9999921321868896, 0.9996892213821411, 0.9849122762680054, 0.9999675750732422, 0.8644056916236877, 0.5612389445304871, 0.9948360919952393, 0.9999971389770508, 0.9999994039535522, 0.9998219609260559, 0.9997527003288269, 0.9940040707588196, 0.9944546818733215, 0.9992897510528564, 0.9999992847442627, 1.0, 0.999983549118042, 0.9424776434898376, 0.9999998807907104, 0.7589266896247864, 0.9999992847442627, 0.973002552986145, 0.9999998807907104, 0.9999992847442627, 0.9999905824661255, 0.9999951124191284, 0.9999734163284302, 0.9999593496322632, 0.9999904632568359, 0.7761252522468567, 0.9998960494995117], "pred_label": [2, 2, 3, 2, 1, 2, 1, 4, 2, 3, 3, 2, 4, 3, 4, 2, 2, 0, 4, 2, 3, 4, 2, 1, 0, 4, 3, 1, 0, 0, 2, 1, 4, 0, 0, 2, 0, 2, 3, 1, 0, 1, 4, 1, 4, 4, 0, 1, 0, 1, 2, 0, 4, 3, 1, 1, 4, 3, 0, 1, 0, 0, 4, 0, 3, 1, 2, 3, 0, 3, 4, 3, 0, 0, 4, 4, 2, 3, 0, 3, 3, 4, 1, 0, 3, 1, 4, 3, 4, 0, 2, 3, 3, 4, 3, 3, 3, 3, 1, 1, 2, 0, 3, 3, 0, 2, 2, 2, 4, 4, 3, 2, 4, 0, 1, 2, 0, 0, 2, 3, 0, 2, 1, 1, 4, 0, 0, 4, 3, 0, 3, 4, 1, 3, 2, 4, 0, 3, 2, 4, 1, 1, 2, 2, 4, 0, 2, 4, 1, 2, 3, 1, 0, 4, 1, 2, 4, 1, 4, 3, 3, 3, 0, 3, 0, 0, 1, 2, 1, 3, 2, 4, 3, 4, 1, 1, 4, 1, 2, 1, 0, 0, 3, 3, 3, 2, 1, 1, 3, 0, 1, 2, 4],