{"accuracy_top-1": 93.26425170898438, "precision": 93.19203413940257, "recall": 93.52758352758353, "f1_score": 93.22963179835968, "confusion": [[32, 0, 2, 2, 0], [1, 35, 0, 0, 0], [0, 0, 38, 0, 0], [0, 0, 0, 38, 1], [4, 3, 0, 0, 37]], "pred_score": [0.9973892569541931, 0.9860009551048279, 0.9948601722717285, 0.9999492168426514, 0.9999836683273315, 0.9999203681945801, 0.999983549118042, 0.9999735355377197, 0.8117213249206543, 0.998508632183075, 0.9999033212661743, 0.9995959401130676, 0.9999758005142212, 0.9994809031486511, 0.6625802516937256, 0.9987922310829163, 0.9956703186035156, 0.9998369216918945, 0.6338920593261719, 0.9995958209037781, 0.9998419284820557, 1.0, 0.9991256594657898, 0.9999685287475586, 1.0, 0.9999998807907104, 0.9646313786506653, 0.9999524354934692, 0.999996542930603, 1.0, 0.9929724931716919, 1.0, 0.9999996423721313, 0.9999996423721313, 0.44815418124198914, 0.9999501705169678, 1.0, 0.9791426658630371, 0.9832104444503784, 0.9999061822891235, 0.9950361847877502, 0.9258127808570862, 0.523848295211792, 0.9709922671318054, 0.9999974966049194, 1.0, 0.9747105836868286, 0.9989638328552246, 0.9999727010726929, 0.8280656933784485, 0.9999983310699463, 0.9999997615814209, 1.0, 0.9999990463256836, 0.9036529064178467, 0.5679491758346558, 0.9999761581420898, 0.9999943971633911, 0.9999997615814209, 0.9998002648353577, 0.9999773502349854, 0.9998475313186646, 0.9999986886978149, 0.9999992847442627, 0.9999982118606567, 1.0, 0.9999990463256836, 0.9999998807907104, 0.9998657703399658, 0.9992249011993408, 0.9770832061767578, 0.9999911785125732, 0.9385378360748291, 0.9975300431251526, 0.9999991655349731, 0.9795734882354736, 0.999981164932251, 0.9999984502792358, 0.9999208450317383, 0.820632815361023, 0.9999929666519165, 0.9999169111251831, 0.9999474287033081, 0.9988715052604675, 1.0, 0.9999351501464844, 0.7983970642089844, 0.9999665021896362, 0.5967414975166321, 0.6009438633918762, 0.9999988079071045, 0.9999730587005615, 0.9999498128890991, 0.999984622001648, 0.9436494708061218, 0.9998856782913208, 0.9999743700027466, 0.9999498128890991, 1.0, 0.9999902248382568, 0.9999966621398926, 0.9993482232093811, 0.8283368349075317, 0.9999074935913086, 0.9999871253967285, 0.9999984502792358, 0.9910483956336975, 0.9949606657028198, 0.9998724460601807, 0.975742757320404, 0.9998025298118591, 0.9940422177314758, 1.0, 0.9999228715896606, 0.855725884437561, 0.9999971389770508, 0.9999927282333374, 0.9286122918128967, 1.0, 0.999996542930603, 0.9999245405197144, 0.9999768733978271, 0.9973564147949219, 0.9999911785125732, 1.0, 0.9998512268066406, 1.0, 0.99994957447052, 1.0, 0.9971977472305298, 0.9999995231628418, 0.9929076433181763, 0.9936090707778931, 0.8260655999183655, 0.999277651309967, 0.9999998807907104, 0.9827788472175598, 0.9999995231628418, 0.999998927116394, 0.9999998807907104, 0.9947134852409363, 0.9999935626983643, 0.9985105395317078, 1.0, 0.9999845027923584, 0.7370612621307373, 0.9953535795211792, 0.9999998807907104, 0.9999998807907104, 0.9999977350234985, 0.9999773502349854, 0.9999996423721313, 0.9993289709091187, 0.9836010336875916, 0.9995074272155762, 0.9995726943016052, 0.9996747970581055, 0.9999995231628418, 0.999954104423523, 0.9959225654602051, 0.9994581341743469, 0.9999254941940308, 0.9999284744262695, 0.9999290704727173, 0.9999387264251709, 0.9793561100959778, 0.999990701675415, 0.9999730587005615, 0.9998154044151306, 0.9998878240585327, 0.9999089241027832, 0.9999885559082031, 0.9999563694000244, 0.9999873638153076, 0.9999963045120239, 0.9999949932098389, 0.9999998807907104, 0.9999995231628418, 0.9997187256813049, 0.9987016916275024, 0.9997649788856506, 0.9863715767860413, 0.9999991655349731, 0.9999996423721313, 1.0, 0.9992116689682007, 0.7698112726211548, 0.9999998807907104, 0.9708800911903381, 0.9989311099052429, 0.9735905528068542, 0.9231826663017273, 0.999843955039978], "pred_label": [2, 2, 4, 1, 1, 3, 0, 3, 4, 2, 2, 0, 4, 1, 0, 3, 0, 4, 2, 3, 3, 4, 1, 4, 3, 1, 3, 1, 3, 0, 4, 3, 3, 4, 4, 1, 3, 1, 0, 3, 3, 3, 1, 4, 4, 0, 1, 1, 0, 3, 0, 0, 2, 0, 1, 2, 4, 0, 2, 0, 3, 3, 2, 0, 4, 0, 1, 3, 3, 1, 3, 2, 2, 3, 1, 4, 4, 4, 2, 1, 2, 0, 4, 1, 0, 3, 2, 3, 2, 1, 3, 3, 4, 2, 0, 3, 0, 1, 2, 2, 0, 2, 1, 0, 2, 1, 2, 0, 1, 2, 4, 2, 2, 0, 1, 0, 0, 4, 0, 2, 1, 4, 3, 4, 2, 1, 0, 1, 1, 2, 4, 4, 4, 4, 3, 3, 1, 2, 4, 3, 0, 4, 3, 2, 2, 0, 4, 2, 2, 0, 2, 3, 3, 0, 4, 1, 0, 2, 3, 1, 2, 0, 4, 1, 4, 4, 0, 4, 1, 2, 3, 4, 3, 0, 1, 2, 1, 2, 1, 3, 3, 0, 4, 3, 3, 4, 0, 1, 1, 2, 2, 4, 1],