{"accuracy_top-1": 95.85491943359375, "precision": 95.5977807075368, "recall": 96.00006276872861, "f1_score": 95.70980643097104, "confusion": [[40, 2, 0, 1, 0], [0, 35, 0, 1, 2], [1, 0, 37, 0, 1], [0, 0, 0, 46, 0], [0, 0, 0, 0, 27]], "pred_score": [0.9999648332595825, 0.9999896287918091, 0.999618411064148, 0.9999969005584717, 0.9999884366989136, 0.9980406165122986, 0.9878204464912415, 0.9956127405166626, 0.9985645413398743, 0.9983761310577393, 0.9999954700469971, 0.9991528987884521, 0.9998952150344849, 0.9999994039535522, 0.9832209348678589, 0.9999456405639648, 0.9999997615814209, 0.9999971389770508, 0.9999998807907104, 0.9779798984527588, 0.9999960660934448, 0.9999810457229614, 0.7858251929283142, 1.0, 0.9986711740493774, 0.9999997615814209, 0.9277231097221375, 0.9991868138313293, 0.993392288684845, 0.9923621416091919, 0.9999998807907104, 0.9995237588882446, 0.9999994039535522, 0.9906182885169983, 0.9997091889381409, 0.9999377727508545, 0.9998990297317505, 1.0, 0.9973982572555542, 0.9989628791809082, 0.9999961853027344, 0.999944806098938, 1.0, 0.999625563621521, 0.9999998807907104, 0.9999946355819702, 0.9999935626983643, 0.9999995231628418, 0.9999336004257202, 0.9999997615814209, 0.9962355494499207, 0.9900997281074524, 0.9998546838760376, 0.9999951124191284, 0.9999946355819702, 1.0, 0.9999743700027466, 0.999985933303833, 0.9999818801879883, 0.9998912811279297, 0.9999955892562866, 0.9994038343429565, 0.9755492806434631, 0.9871729612350464, 0.9999996423721313, 0.9999144077301025, 0.9928004741668701, 0.999925971031189, 0.9999891519546509, 0.9999761581420898, 0.9999657869338989, 0.9999539852142334, 0.9999610185623169, 0.9999997615814209, 0.999971866607666, 0.9994268417358398, 0.9999967813491821, 0.813136100769043, 0.9999496936798096, 0.9934287667274475, 0.9999995231628418, 0.9980650544166565, 0.9999207258224487, 0.999998927116394, 0.9993869066238403, 0.9826610684394836, 0.9967681169509888, 0.9990467429161072, 0.5935442447662354, 0.9999998807907104, 0.9999958276748657, 0.9605808854103088, 0.9999998807907104, 0.9959242343902588, 0.999935507774353, 0.9999991655349731, 0.999998927116394, 0.9999903440475464, 0.9999994039535522, 0.9996569156646729, 0.9999136924743652, 0.999994158744812, 1.0, 0.9999998807907104, 0.9999963045120239, 0.945314884185791, 0.8820368647575378, 1.0, 1.0, 0.9997256398200989, 0.9996813535690308, 0.7868260741233826, 0.9836211204528809, 0.9888275861740112, 0.999983549118042, 0.9999945163726807, 0.9886885285377502, 0.9916226267814636, 0.999824583530426, 0.9999828338623047, 0.9999964237213135, 0.9999988079071045, 0.9998722076416016, 1.0, 0.9948135614395142, 0.9991288781166077, 0.9999922513961792, 1.0, 1.0, 0.9999909400939941, 0.9913172721862793, 0.9999936819076538, 0.8145124316215515, 0.9985697269439697, 0.9999971389770508, 0.9999791383743286, 1.0, 0.9999862909317017, 1.0, 0.7100892663002014, 0.9999967813491821, 0.9999817609786987, 0.9999793767929077, 0.9999990463256836, 0.9992610812187195, 0.999976396560669, 0.9999984502792358, 0.9994695782661438, 0.9999997615814209, 0.9854028224945068, 0.9994055032730103, 0.7806212902069092, 0.9987775683403015, 0.9999998807907104, 1.0, 0.9981282353401184, 0.8617239594459534, 0.9998779296875, 0.9999949932098389, 0.9999769926071167, 0.9999994039535522, 0.9999996423721313, 0.9997665286064148, 0.9998726844787598, 0.9995967745780945, 0.8343800902366638, 0.9999933242797852, 0.9999998807907104, 0.9998961687088013, 0.9999691247940063, 0.9999998807907104, 0.9574618935585022, 0.9999864101409912, 0.9997387528419495, 0.9882778525352478, 0.9842970967292786, 0.9999948740005493, 0.99998939037323, 0.9657647013664246, 0.9999991655349731, 1.0, 0.9929372668266296, 1.0, 0.9994162321090698, 0.6553104519844055, 0.9999154806137085, 1.0, 0.5049230456352234, 0.999998927116394, 0.6908794045448303, 1.0, 0.9999985694885254, 0.9999994039535522], "pred_label": [4, 0, 0, 1, 1, 2, 3, 0, 0, 1, 0, 4, 4, 0, 1, 1, 1, 3, 4, 2, 3, 2, 3, 3, 2, 0, 0, 3, 4, 4, 4, 3, 0, 2, 0, 3, 3, 0, 1, 1, 3, 2, 0, 0, 2, 1, 3, 1, 1, 2, 0, 4, 3, 2, 2, 2, 3, 0, 1, 3, 1, 0, 4, 0, 3, 1, 0, 3, 3, 3, 3, 4, 4, 1, 4, 3, 0, 2, 0, 0, 2, 4, 3, 2, 4, 1, 4, 0, 1, 3, 3, 1, 2, 4, 3, 0, 1, 3, 2, 1, 3, 3, 2, 2, 0, 0, 1, 3, 0, 4, 3, 2, 2, 3, 0, 3, 4, 1, 0, 1, 3, 1, 3, 2, 4, 4, 0, 2, 1, 3, 4, 3, 2, 4, 1, 3, 2, 3, 0, 0, 2, 3, 2, 0, 2, 0, 3, 1, 1, 0, 0, 1, 4, 2, 3, 1, 3, 0, 0, 3, 4, 3, 0, 3, 1, 2, 4, 1, 4, 2, 3, 4, 3, 2, 4, 2, 2, 2, 1, 0, 2, 4, 2, 2, 3, 1, 0, 1, 1, 4, 0, 1, 3],