{"accuracy_top-1": 95.87628173828125, "precision": 95.62825651880519, "recall": 95.60574592114016, "f1_score": 95.59519173924807, "confusion": [[33, 0, 1, 0, 0], [0, 34, 1, 1, 1], [0, 1, 28, 0, 1], [0, 0, 0, 46, 0], [1, 0, 1, 0, 45]], "pred_score": [1.0, 0.9548277854919434, 0.9886047840118408, 0.6263914704322815, 0.9999991655349731, 0.9999995231628418, 0.999854326248169, 0.9794334769248962, 0.9999281167984009, 0.9996240139007568, 0.99488765001297, 0.9999978542327881, 0.9999953508377075, 0.9999998807907104, 0.9999908208847046, 0.9999994039535522, 0.9999998807907104, 0.9999995231628418, 0.9998542070388794, 0.999988317489624, 0.8735373616218567, 0.9999979734420776, 0.9995548129081726, 0.9999077320098877, 0.9999998807907104, 0.5785679221153259, 0.999549925327301, 0.9998867511749268, 0.9999721050262451, 0.9667501449584961, 1.0, 0.9825373291969299, 0.9999991655349731, 0.9997963309288025, 0.9999998807907104, 0.999948263168335, 0.9183470606803894, 0.9999039173126221, 0.9999996423721313, 0.9996858835220337, 0.9999933242797852, 0.9999948740005493, 0.9989087581634521, 0.9022012948989868, 0.9999043941497803, 0.8682862520217896, 1.0, 0.9674630761146545, 0.9999997615814209, 0.9999909400939941, 1.0, 0.9369475841522217, 0.9999892711639404, 0.9851856827735901, 0.9999984502792358, 1.0, 1.0, 0.9996802806854248, 1.0, 0.9999419450759888, 0.9940587282180786, 1.0, 0.9999998807907104, 1.0, 0.9999934434890747, 1.0, 1.0, 0.9922875165939331, 0.9999961853027344, 0.9999428987503052, 0.9998764991760254, 0.9998534917831421, 0.9999997615814209, 0.9999985694885254, 1.0, 0.9999874830245972, 0.9999997615814209, 0.988563060760498, 0.9953438639640808, 0.9648719429969788, 0.9999337196350098, 0.9999690055847168, 0.9996926784515381, 1.0, 0.9999961853027344, 0.9999977350234985, 0.9935595989227295, 0.9999678134918213, 0.5262140035629272, 0.9336907267570496, 0.55523681640625, 0.9996598958969116, 1.0, 0.9997803568840027, 0.999915599822998, 0.9999958276748657, 0.9999972581863403, 0.9999998807907104, 1.0, 0.9999520778656006, 0.9999368190765381, 1.0, 0.9995056390762329, 0.9999943971633911, 1.0, 0.9999996423721313, 0.9999861717224121, 0.999306321144104, 0.9997676014900208, 0.9999970197677612, 0.8448682427406311, 0.9999135732650757, 0.9976664781570435, 0.9999991655349731, 0.9999899864196777, 0.9996849298477173, 0.9997913241386414, 0.9999997615814209, 0.9999986886978149, 0.9997962117195129, 0.9990419745445251, 0.9965068697929382, 0.9999912977218628, 0.9999263286590576, 0.9900587201118469, 0.9528909921646118, 0.9976765513420105, 0.999704897403717, 1.0, 0.9999997615814209, 0.9985847473144531, 0.87786465883255, 1.0, 0.9998456239700317, 0.9982097148895264, 0.999987006187439, 0.9999984502792358, 0.9999179840087891, 0.9976600408554077, 0.9999988079071045, 1.0, 0.9999997615814209, 0.9918386340141296, 0.7276126146316528, 0.9999814033508301, 0.9999998807907104, 1.0, 0.9999970197677612, 1.0, 0.9983296990394592, 0.9999926090240479, 1.0, 0.9999927282333374, 0.9999805688858032, 0.9999587535858154, 0.8218163847923279, 0.9999995231628418, 0.999975323677063, 0.9999984502792358, 0.9942870736122131, 0.6597813367843628, 0.9999850988388062, 1.0, 1.0, 0.9999997615814209, 0.8314247131347656, 0.9991082549095154, 0.9999978542327881, 0.9999997615814209, 1.0, 0.9999996423721313, 0.9990039467811584, 0.9998360872268677, 0.9999998807907104, 1.0, 0.9999966621398926, 0.9925284385681152, 0.9999998807907104, 0.9994083642959595, 0.9948144555091858, 0.9999581575393677, 0.9944885969161987, 0.9999939203262329, 1.0, 0.9999861717224121, 0.9999940395355225, 0.9993613362312317, 0.9999990463256836, 0.9999785423278809, 1.0, 0.9991080164909363, 0.9999995231628418, 1.0, 0.9999995231628418], "pred_label": [1, 2, 0, 2, 3, 4, 4, 4, 0, 0, 3, 4, 2, 4, 4, 2, 3, 0, 4, 1, 1, 0, 0, 4, 2, 4, 4, 0, 3, 1, 3, 1, 3, 0, 0, 2, 2, 3, 0, 2, 2, 1, 1, 3, 0, 4, 4, 3, 3, 4, 3, 4, 3, 1, 3, 2, 2, 1, 2, 1, 4, 1, 0, 0, 0, 3, 3, 4, 0, 2, 0, 3, 0, 1, 3, 3, 3, 1, 4, 1, 4, 1, 0, 3, 4, 1, 3, 3, 1, 0, 1, 2, 1, 3, 1, 4, 0, 0, 3, 3, 4, 2, 3, 3, 2, 0, 1, 1, 0, 0, 1, 2, 2, 4, 2, 3, 1, 3, 3, 4, 0, 1, 2, 4, 4, 1, 1, 4, 1, 3, 4, 4, 3, 0, 0, 3, 4, 4, 4, 0, 2, 0, 4, 4, 3, 0, 3, 3, 4, 0, 3, 4, 2, 2, 1, 2, 4, 4, 2, 4, 4, 1, 3, 0, 3, 4, 0, 3, 2, 3, 3, 4, 4, 3, 2, 3, 4, 2, 4, 1, 4, 2, 3, 0, 3, 3, 1, 1, 4, 2, 1, 4, 2, 1],