{"accuracy_top-1": 94.3005142211914, "precision": 94.13594470046083, "recall": 94.02376485303314, "f1_score": 93.98173009987356, "confusion": [[38, 0, 1, 0, 2], [0, 38, 0, 0, 1], [0, 0, 39, 0, 0], [0, 0, 0, 39, 0], [2, 2, 2, 1, 28]], "pred_score": [0.9999994039535522, 0.9999392032623291, 0.513378918170929, 0.9996724128723145, 0.9713917374610901, 0.985489547252655, 0.9999871253967285, 0.9999946355819702, 0.9999282360076904, 0.9987711310386658, 0.8521579504013062, 0.9999997615814209, 0.9999361038208008, 0.99989914894104, 0.998565137386322, 1.0, 0.9992144107818604, 0.9729303121566772, 0.9987303614616394, 1.0, 0.9999533891677856, 0.9982075691223145, 0.987026035785675, 0.9918237328529358, 1.0, 0.998715877532959, 0.9437538385391235, 0.9999680519104004, 0.9999979734420776, 1.0, 1.0, 0.954806387424469, 0.999956488609314, 0.9998012185096741, 1.0, 0.9999984502792358, 0.7040439248085022, 0.9999992847442627, 0.9999994039535522, 0.9997932314872742, 0.9999943971633911, 0.9592949151992798, 0.9994542002677917, 0.999996542930603, 0.9999926090240479, 0.99997878074646, 0.45959359407424927, 0.9999977350234985, 0.9999748468399048, 0.9966423511505127, 0.9999977350234985, 0.9303021430969238, 0.9998377561569214, 0.9995434880256653, 0.999994158744812, 0.9997424483299255, 0.9999676942825317, 0.9983271956443787, 1.0, 0.9999996423721313, 0.9963634610176086, 0.999981164932251, 0.9999842643737793, 0.9630572199821472, 0.9999986886978149, 0.9930865168571472, 0.9999727010726929, 1.0, 0.9999982118606567, 0.9999978542327881, 0.8289906978607178, 0.9090949296951294, 0.9999997615814209, 0.9996659755706787, 0.8082253336906433, 0.9999915361404419, 0.9999910593032837, 0.9999635219573975, 1.0, 0.9999223947525024, 0.9999961853027344, 0.9999018907546997, 0.9999411106109619, 0.9999958276748657, 0.999968409538269, 0.9999911785125732, 0.9999949932098389, 0.9264760613441467, 1.0, 0.9998770952224731, 0.9997521042823792, 0.999998927116394, 0.9999974966049194, 0.9999998807907104, 0.5953003764152527, 0.9999958276748657, 0.9990077614784241, 0.8959846496582031, 0.9999998807907104, 0.9999998807907104, 0.9996649026870728, 0.9999977350234985, 0.9999643564224243, 0.999996542930603, 0.9999935626983643, 0.8438617587089539, 0.9999985694885254, 0.7198836207389832, 0.9997672438621521, 0.9979822635650635, 0.9999788999557495, 0.9999299049377441, 1.0, 1.0, 0.9997381567955017, 0.999987006187439, 0.9999982118606567, 0.9915875792503357, 0.9939640164375305, 0.9998809099197388, 1.0, 0.9999440908432007, 0.9999995231628418, 0.9944197535514832, 0.9999996423721313, 0.9999997615814209, 0.9133320450782776, 0.998134434223175, 1.0, 0.9999998807907104, 0.9999998807907104, 0.8712847232818604, 0.9999986886978149, 0.9999998807907104, 0.999977707862854, 0.9999998807907104, 0.9999984502792358, 0.9997251629829407, 0.9999980926513672, 0.9999991655349731, 0.9826574921607971, 0.9999997615814209, 0.9999843835830688, 0.9998012185096741, 0.9997871518135071, 0.9935318231582642, 0.9279646277427673, 0.9033656120300293, 0.9999982118606567, 0.9999983310699463, 1.0, 0.9999997615814209, 0.9999977350234985, 0.9986109733581543, 0.9300739169120789, 1.0, 0.9986911416053772, 0.9999747276306152, 0.9999638795852661, 0.9999902248382568, 0.9983982443809509, 0.956799328327179, 0.5987771153450012, 0.9999970197677612, 0.9999949932098389, 0.9998751878738403, 0.99983811378479, 0.8009899258613586, 0.9999985694885254, 0.9996979236602783, 0.999983549118042, 0.9995591044425964, 0.9977796673774719, 0.9999995231628418, 0.9999929666519165, 0.9999438524246216, 0.9920740127563477, 1.0, 0.9999988079071045, 0.9999973773956299, 0.9999697208404541, 0.9968374967575073, 0.9999836683273315, 0.9999995231628418, 0.999358594417572, 0.9997336268424988, 0.9999792575836182, 0.999529242515564, 0.9999995231628418, 0.9999992847442627, 0.572828471660614, 0.9849099516868591, 0.9981332421302795], "pred_label": [0, 4, 2, 0, 1, 4, 2, 1, 0, 2, 2, 3, 1, 4, 1, 1, 2, 2, 1, 2, 0, 3, 4, 3, 4, 1, 0, 4, 1, 4, 3, 0, 3, 1, 0, 3, 4, 0, 2, 4, 2, 1, 2, 0, 2, 0, 2, 3, 1, 2, 0, 3, 4, 0, 2, 0, 3, 2, 4, 2, 4, 3, 3, 4, 1, 2, 3, 0, 3, 0, 4, 4, 3, 1, 0, 2, 0, 1, 0, 1, 3, 0, 0, 1, 1, 1, 3, 1, 3, 3, 4, 2, 4, 4, 4, 2, 0, 1, 3, 0, 4, 2, 4, 3, 2, 3, 3, 3, 2, 1, 0, 1, 2, 4, 0, 2, 3, 0, 3, 2, 3, 1, 3, 3, 0, 3, 2, 2, 1, 3, 0, 0, 3, 3, 3, 2, 1, 1, 3, 4, 2, 1, 2, 2, 1, 3, 2, 4, 3, 3, 0, 4, 2, 4, 1, 3, 2, 4, 0, 1, 0, 3, 0, 1, 1, 1, 0, 0, 1, 0, 2, 0, 1, 2, 2, 0, 2, 1, 0, 0, 4, 2, 1, 0, 4, 2, 3, 1, 4, 4, 1, 2, 1],