{"accuracy_top-1": 97.42267608642578, "precision": 97.62820512820512, "recall": 97.19663894663896, "f1_score": 97.36377039913414, "confusion": [[30, 2, 0, 0, 0], [0, 36, 0, 1, 0], [0, 1, 39, 0, 0], [0, 0, 0, 46, 0], [0, 0, 0, 1, 38]], "pred_score": [0.9999973773956299, 0.9999949932098389, 0.999996542930603, 0.9999198913574219, 0.9999855756759644, 0.9999973773956299, 0.9557669758796692, 0.9707579612731934, 0.999997615814209, 0.9999996423721313, 0.999998927116394, 0.9686986804008484, 0.9999998807907104, 0.8717306852340698, 0.9990907907485962, 0.9999998807907104, 0.9983077049255371, 1.0, 0.9999443292617798, 0.9999974966049194, 0.9999754428863525, 0.9999879598617554, 0.9999972581863403, 0.9999947547912598, 0.9999549388885498, 0.999972939491272, 0.9999969005584717, 0.9999767541885376, 1.0, 1.0, 1.0, 0.9047755002975464, 0.9999951124191284, 0.9999916553497314, 0.9999980926513672, 1.0, 0.9998195767402649, 0.9997245669364929, 0.9997280240058899, 0.999653697013855, 0.9999997615814209, 1.0, 0.7419019341468811, 0.9434108138084412, 0.9996976852416992, 0.9999918937683105, 0.9945012331008911, 0.9999998807907104, 0.9999401569366455, 0.9999845027923584, 0.9995635151863098, 0.9999940395355225, 0.9999994039535522, 0.9814660549163818, 0.9999935626983643, 0.9999934434890747, 0.9981953501701355, 0.99803227186203, 0.978078305721283, 0.9999316930770874, 1.0, 0.9999721050262451, 0.9999997615814209, 0.9907078742980957, 0.9999864101409912, 1.0, 0.9999184608459473, 0.9998507499694824, 0.9999998807907104, 1.0, 0.9538900256156921, 0.9999982118606567, 0.999674916267395, 0.999997615814209, 0.9956642985343933, 0.999373733997345, 1.0, 0.8516257405281067, 0.9999996423721313, 0.9999792575836182, 0.9975469708442688, 0.9995748400688171, 0.9999951124191284, 0.966589629650116, 0.6898552775382996, 1.0, 0.999987006187439, 0.9999995231628418, 0.999997615814209, 0.9999998807907104, 0.9999736547470093, 0.9988724589347839, 1.0, 1.0, 0.9996364116668701, 0.9503495097160339, 1.0, 0.9999998807907104, 0.9999654293060303, 0.9999513626098633, 0.9998583793640137, 0.9999979734420776, 0.34662672877311707, 0.9998705387115479, 0.9999960660934448, 0.9512129426002502, 0.9900856018066406, 1.0, 0.9999825954437256, 0.9820809960365295, 0.9955665469169617, 0.999768078327179, 0.9999885559082031, 1.0, 0.997298538684845, 0.9999984502792358, 1.0, 0.9998430013656616, 0.9999994039535522, 0.9999969005584717, 1.0, 0.99991774559021, 0.9994008541107178, 0.9999947547912598, 0.9998767375946045, 0.9998062252998352, 1.0, 0.6738666892051697, 0.9999998807907104, 1.0, 1.0, 0.9999794960021973, 0.9999957084655762, 0.9997065663337708, 0.9959027171134949, 0.9999996423721313, 0.999631404876709, 0.9999990463256836, 0.9999986886978149, 0.9998247027397156, 1.0, 1.0, 0.6622077822685242, 0.9341827630996704, 0.9999995231628418, 1.0, 0.9999439716339111, 0.9999994039535522, 0.9999980926513672, 1.0, 0.9999675750732422, 0.9998582601547241, 0.9994986057281494, 0.9999973773956299, 0.9999784231185913, 0.9999970197677612, 0.9796435236930847, 1.0, 0.9999793767929077, 0.9999997615814209, 0.9999992847442627, 0.999982476234436, 0.9990625977516174, 0.9978479146957397, 1.0, 0.7553523182868958, 0.9999772310256958, 0.9999997615814209, 1.0, 0.9995923638343811, 1.0, 0.9999868869781494, 0.9999918937683105, 0.9999966621398926, 0.9945804476737976, 0.9999825954437256, 0.9999569654464722, 0.9999760389328003, 0.9997199177742004, 0.9834770560264587, 0.9995507597923279, 1.0, 0.9998449087142944, 0.9996860027313232, 0.9999799728393555, 1.0, 0.9999994039535522, 0.973736584186554, 0.9997227787971497, 0.9999951124191284, 0.979334831237793, 0.9999997615814209, 0.9945892095565796, 0.9999984502792358], "pred_label": [1, 3, 3, 1, 0, 1, 1, 2, 3, 1, 3, 1, 2, 0, 1, 2, 3, 2, 3, 1, 0, 3, 0, 3, 1, 1, 1, 3, 2, 3, 2, 3, 3, 1, 1, 2, 4, 3, 3, 3, 4, 4, 0, 0, 2, 3, 0, 3, 3, 1, 3, 0, 1, 3, 1, 3, 0, 0, 2, 3, 3, 2, 4, 4, 2, 0, 0, 3, 3, 2, 1, 3, 0, 4, 0, 1, 2, 4, 1, 3, 4, 4, 3, 4, 2, 4, 3, 1, 1, 2, 2, 4, 3, 2, 4, 0, 3, 1, 4, 3, 3, 0, 3, 3, 4, 4, 4, 4, 4, 1, 3, 4, 0, 1, 2, 3, 1, 1, 3, 0, 0, 4, 4, 0, 1, 4, 2, 0, 1, 0, 1, 4, 1, 2, 2, 2, 2, 2, 3, 2, 4, 4, 1, 2, 2, 4, 3, 2, 3, 0, 3, 1, 4, 0, 0, 4, 4, 0, 4, 2, 0, 3, 2, 2, 2, 4, 1, 3, 4, 1, 2, 4, 1, 3, 1, 0, 1, 1, 2, 1, 3, 2, 2, 0, 3, 2, 0, 4, 2, 4, 4, 2, 4, 3],