{"accuracy_top-1": 96.37305450439453, "precision": 96.03844753844754, "recall": 96.21417069243157, "f1_score": 96.11010282000399, "confusion": [[35, 0, 0, 0, 1], [0, 39, 0, 0, 0], [0, 1, 43, 1, 1], [1, 0, 0, 44, 0], [1, 0, 1, 0, 25]], "pred_score": [0.9999959468841553, 1.0, 0.9999955892562866, 0.9988470077514648, 1.0, 0.8780229091644287, 0.9979666471481323, 0.9999959468841553, 0.9999364614486694, 1.0, 0.9999923706054688, 0.9991360306739807, 0.999992847442627, 0.9999910593032837, 0.999909520149231, 0.9872350096702576, 0.9962336421012878, 0.9999936819076538, 0.9998853206634521, 0.9991501569747925, 0.9970386028289795, 0.9999773502349854, 1.0, 0.9997174143791199, 0.8397732973098755, 0.9999969005584717, 0.9999995231628418, 0.9998505115509033, 0.6624974012374878, 0.9999998807907104, 0.9999274015426636, 0.9967935681343079, 0.9999732971191406, 0.9999949932098389, 0.9999617338180542, 0.9999939203262329, 0.48172715306282043, 1.0, 1.0, 0.9999998807907104, 0.9999337196350098, 0.997730553150177, 0.9999905824661255, 0.9999986886978149, 0.9999926090240479, 0.9997765421867371, 0.9999688863754272, 0.9999992847442627, 1.0, 0.9999977350234985, 0.998945415019989, 0.989690899848938, 0.9999954700469971, 0.9999988079071045, 0.9996598958969116, 0.9999047517776489, 0.9999947547912598, 0.9997790455818176, 0.9994539618492126, 1.0, 0.9999998807907104, 0.9997602105140686, 0.9999790191650391, 0.9999890327453613, 1.0, 0.999660849571228, 0.9998189806938171, 0.9948967099189758, 0.9980270266532898, 0.9999998807907104, 0.9999979734420776, 0.9464666843414307, 0.999957799911499, 0.9999998807907104, 0.9999998807907104, 0.8959542512893677, 0.9999511241912842, 0.9691030383110046, 0.9999998807907104, 0.9999642372131348, 0.9999802112579346, 0.9999990463256836, 1.0, 0.9880796074867249, 0.999998927116394, 1.0, 0.9473644495010376, 1.0, 0.9999475479125977, 0.9996293783187866, 0.9996696710586548, 0.9999808073043823, 0.9999998807907104, 1.0, 0.9816809296607971, 0.9999979734420776, 0.9999885559082031, 0.9995701909065247, 0.787109911441803, 0.9999808073043823, 0.993618369102478, 0.9999995231628418, 0.9999996423721313, 0.9999995231628418, 0.9727997779846191, 0.9999027252197266, 0.9999850988388062, 0.9999215602874756, 0.9998487234115601, 1.0, 0.9998512268066406, 0.9957364797592163, 0.9999995231628418, 0.9999998807907104, 0.9999996423721313, 1.0, 0.99985671043396, 0.9996434450149536, 0.9999995231628418, 0.999067485332489, 0.9939888715744019, 0.7049325108528137, 0.9999997615814209, 0.9999998807907104, 0.9994266033172607, 0.9999998807907104, 0.9999903440475464, 0.9998874664306641, 0.9940199851989746, 0.86318039894104, 0.999988317489624, 0.9999985694885254, 0.999998927116394, 0.9954568147659302, 0.9999898672103882, 0.9999997615814209, 0.9999946355819702, 0.9999953508377075, 0.9999924898147583, 0.9999995231628418, 0.9999479055404663, 0.9999911785125732, 1.0, 0.42044416069984436, 0.999893307685852, 0.9999901056289673, 0.9999340772628784, 0.9999853372573853, 0.9970730543136597, 0.9999840259552002, 0.8011183738708496, 0.9999746084213257, 0.9999938011169434, 0.9998373985290527, 0.9975864887237549, 0.9996768236160278, 0.9999207258224487, 0.9999997615814209, 0.9995076656341553, 0.9994055032730103, 0.999841570854187, 0.9999197721481323, 0.9987200498580933, 0.9998922348022461, 0.9970560073852539, 0.9970279335975647, 0.9999983310699463, 0.9999994039535522, 0.9993293285369873, 0.9998295307159424, 0.9999935626983643, 0.9999923706054688, 0.9999974966049194, 0.5443838834762573, 0.9727911949157715, 0.9999997615814209, 0.9999454021453857, 0.9999998807907104, 0.9999998807907104, 0.9996812343597412, 1.0, 0.9999696016311646, 0.9999834299087524, 0.9904268980026245, 0.9999994039535522, 0.9999992847442627, 0.9999996423721313, 0.9953774213790894, 0.9999799728393555, 1.0, 0.9998799562454224, 0.9999996423721313, 1.0], "pred_label": [1, 2, 0, 2, 3, 0, 3, 0, 1, 3, 4, 0, 0, 1, 0, 2, 2, 2, 1, 1, 3, 1, 0, 3, 4, 3, 4, 0, 2, 3, 0, 4, 4, 3, 4, 1, 4, 2, 2, 3, 1, 2, 1, 3, 1, 3, 3, 3, 2, 4, 1, 3, 2, 0, 1, 0, 0, 3, 2, 2, 0, 4, 0, 1, 3, 0, 1, 4, 4, 1, 4, 0, 2, 0, 2, 2, 3, 2, 2, 0, 1, 2, 1, 0, 3, 1, 1, 1, 3, 3, 3, 1, 3, 0, 2, 4, 4, 0, 1, 2, 0, 0, 4, 2, 2, 1, 2, 2, 3, 0, 0, 0, 3, 1, 3, 1, 1, 2, 2, 1, 3, 1, 3, 2, 4, 0, 3, 3, 2, 1, 1, 3, 4, 4, 2, 2, 3, 2, 2, 4, 0, 3, 2, 3, 0, 2, 4, 2, 3, 1, 0, 4, 4, 0, 1, 1, 2, 0, 3, 3, 3, 1, 4, 1, 4, 1, 1, 3, 0, 1, 2, 2, 3, 4, 3, 4, 1, 0, 2, 0, 2, 1, 3, 4, 0, 3, 3, 3, 3, 2, 0, 2, 2],