{"accuracy_top-1": 92.7461166381836, "precision": 92.28996397929745, "recall": 92.258658008658, "f1_score": 92.22036782895213, "confusion": [[47, 1, 0, 0, 0], [0, 25, 1, 0, 2], [0, 1, 30, 0, 2], [2, 0, 0, 41, 1], [0, 3, 0, 1, 36]], "pred_score": [0.9999988079071045, 0.9999936819076538, 0.9238060712814331, 0.742087721824646, 0.9999998807907104, 0.9938313961029053, 0.9999967813491821, 0.9989216327667236, 0.9999440908432007, 0.9997581839561462, 1.0, 1.0, 0.9967261552810669, 0.9999986886978149, 0.99626225233078, 1.0, 0.9992187023162842, 0.9845824241638184, 0.8937342762947083, 0.9999594688415527, 0.9999997615814209, 0.9994807839393616, 0.9999998807907104, 0.9999972581863403, 0.9992780089378357, 0.9999990463256836, 1.0, 0.9973449110984802, 0.9999994039535522, 0.9208318591117859, 0.9999938011169434, 0.9997218251228333, 0.9999997615814209, 1.0, 0.9169304370880127, 0.9970958232879639, 0.5994406938552856, 0.9999963045120239, 0.9999936819076538, 0.9999840259552002, 0.9999998807907104, 0.9999998807907104, 0.9999985694885254, 0.7240339517593384, 0.9706236124038696, 0.9999903440475464, 0.9998021721839905, 0.9860369563102722, 0.9976686835289001, 0.9999964237213135, 0.9997367262840271, 1.0, 0.9999895095825195, 0.9995706677436829, 0.9992771744728088, 0.9999836683273315, 0.998435914516449, 0.9999771118164062, 0.998955249786377, 0.9989945292472839, 0.999997615814209, 0.9999947547912598, 1.0, 0.9995458722114563, 0.9980775117874146, 0.9999997615814209, 0.9999947547912598, 0.9433825016021729, 0.9999699592590332, 0.99949049949646, 1.0, 0.9996383190155029, 0.9216602444648743, 0.9999997615814209, 0.9999113082885742, 0.9988620281219482, 0.9999959468841553, 0.9996904134750366, 0.991511881351471, 1.0, 0.5408379435539246, 0.9998464584350586, 0.9997946619987488, 0.9999951124191284, 0.8757938146591187, 1.0, 1.0, 0.8073102831840515, 0.9987303614616394, 0.9999129772186279, 0.9999384880065918, 0.9999998807907104, 0.9995655417442322, 0.9999810457229614, 1.0, 0.9999501705169678, 0.99704509973526, 0.9986180067062378, 0.9998458623886108, 0.999987006187439, 0.8071992993354797, 1.0, 0.9999997615814209, 0.9999992847442627, 0.9999923706054688, 0.9999995231628418, 0.9740212559700012, 0.9247246384620667, 0.5308676958084106, 0.9992654919624329, 0.9999752044677734, 0.862464189529419, 0.9987015724182129, 0.999988317489624, 0.999835729598999, 0.6717880368232727, 0.9998736381530762, 0.9999997615814209, 0.9998977184295654, 0.9999425411224365, 0.6582208871841431, 0.9999995231628418, 0.999886155128479, 1.0, 0.9999982118606567, 0.9998934268951416, 0.9995954632759094, 0.9923015832901001, 0.9995939135551453, 0.9760210514068604, 0.9999480247497559, 0.9990484118461609, 0.8803574442863464, 0.6015778183937073, 0.9846457839012146, 0.9999490976333618, 0.8850154280662537, 0.8457833528518677, 1.0, 1.0, 0.9999744892120361, 0.9996246099472046, 0.9999675750732422, 1.0, 0.9985358715057373, 0.9999991655349731, 0.9999994039535522, 1.0, 1.0, 0.9736042022705078, 0.9210644364356995, 0.9999982118606567, 0.9999854564666748, 0.9459484219551086, 0.9995874762535095, 0.9999946355819702, 0.9999908208847046, 0.8911166191101074, 0.9614111185073853, 0.9977578520774841, 0.9986096620559692, 0.9999936819076538, 0.9232805967330933, 0.6899164915084839, 0.9999998807907104, 0.5064396262168884, 0.9999997615814209, 0.6825932860374451, 0.9206651449203491, 0.9999868869781494, 0.9999997615814209, 0.9969615340232849, 0.999915599822998, 0.9999998807907104, 1.0, 0.9985865354537964, 0.9999985694885254, 0.9994837045669556, 0.9999998807907104, 1.0, 0.9999998807907104, 0.9999845027923584, 0.999911904335022, 0.9996771812438965, 0.9999878406524658, 0.9997292160987854, 0.9999914169311523, 0.9990707039833069, 0.9999966621398926, 0.9999988079071045, 0.9999967813491821, 0.999993085861206, 1.0], "pred_label": [4, 4, 0, 4, 3, 0, 3, 1, 2, 3, 0, 0, 2, 2, 0, 0, 4, 0, 1, 3, 0, 4, 0, 4, 4, 2, 3, 1, 0, 4, 3, 3, 0, 3, 1, 0, 2, 3, 0, 0, 0, 1, 0, 4, 4, 4, 0, 4, 4, 4, 0, 0, 2, 4, 1, 1, 3, 4, 0, 1, 2, 1, 1, 4, 0, 2, 1, 2, 4, 0, 3, 1, 3, 3, 4, 0, 3, 3, 1, 4, 1, 0, 1, 3, 1, 3, 0, 4, 2, 2, 3, 3, 1, 4, 4, 3, 4, 2, 4, 0, 3, 0, 4, 4, 3, 0, 3, 3, 2, 2, 3, 0, 2, 0, 3, 0, 3, 1, 4, 4, 0, 1, 4, 0, 3, 0, 0, 1, 1, 1, 1, 0, 0, 3, 2, 0, 4, 4, 3, 3, 3, 1, 3, 0, 2, 2, 0, 4, 0, 0, 4, 2, 0, 0, 0, 2, 2, 2, 4, 0, 4, 3, 1, 4, 3, 4, 3, 1, 1, 4, 2, 3, 1, 3, 2, 0, 2, 2, 3, 3, 1, 2, 4, 0, 3, 1, 2, 0, 2, 2, 4, 3, 2],