{"accuracy_top-1": 100.0, "precision": 100.0, "recall": 100.0, "f1_score": 100.0, "confusion": [[30, 0], [0, 28]], "pred_score": [1.0, 1.0, 1.0, 1.0, 0.999998927116394, 1.0, 0.9986147880554199, 1.0, 1.0, 0.9999997615814209, 1.0, 1.0, 1.0, 0.9995087385177612, 1.0, 1.0, 1.0, 1.0, 1.0, 0.9825542569160461, 1.0, 1.0, 1.0, 0.9999971389770508, 0.9998146891593933, 1.0, 0.9999517202377319, 1.0, 0.9999998807907104, 0.9999972581863403, 0.9999949932098389, 1.0, 1.0, 1.0, 1.0, 0.9999997615814209, 0.999942421913147, 1.0, 1.0, 0.9999984502792358, 1.0, 1.0, 1.0, 1.0, 1.0, 1.0, 0.9999436140060425, 1.0, 1.0, 1.0, 1.0, 1.0, 0.9999985694885254, 1.0, 0.9999916553497314, 1.0, 1.0, 1.0]}