{"accuracy_top-1": 100.0, "precision": 100.0, "recall": 100.0, "f1_score": 100.0, "confusion": [[32, 0], [0, 25]], "pred_score": [0.9999979734420776, 0.9999901056289673, 0.9998083710670471, 0.9999760389328003, 0.999990701675415, 0.9999901056289673, 0.9999796152114868, 0.9999526739120483, 0.9999997615814209, 0.9999992847442627, 0.9999699592590332, 0.9999994039535522, 0.999651312828064, 0.9999955892562866, 0.9999992847442627, 0.9999284744262695, 1.0, 0.9999653100967407, 0.9998857975006104, 0.9999182224273682, 0.9999644756317139, 0.7463735938072205, 0.9999399185180664, 0.9999961853027344, 0.9999953508377075, 0.9999886751174927, 0.9999957084655762, 0.9997240900993347, 0.9999959468841553, 0.9999998807907104, 0.9999994039535522, 0.9999998807907104, 0.9998233914375305, 0.9997408986091614, 0.9999977350234985, 0.9999996423721313, 0.9998675584793091, 0.9998716115951538, 1.0, 0.999997615814209, 0.9999978542327881, 1.0, 0.9991121888160706, 0.9999819993972778, 0.9999991655349731, 0.9971027970314026, 0.8628761172294617, 0.999998927116394, 1.0, 0.9997300505638123, 0.9999717473983765, 0.9999969005584717, 0.9999457597732544, 0.9999935626983643, 0.9995757937431335, 0.6344508528709412, 0.9993587136268616]}