{"accuracy_top-1": 100.0, "precision": 100.0, "recall": 100.0, "f1_score": 100.0, "confusion": [[28, 0], [0, 29]], "pred_score": [0.9999617338180542, 0.9993576407432556, 0.9997805953025818, 0.999974250793457, 0.9998852014541626, 0.9999996423721313, 0.9996922016143799, 0.9999955892562866, 0.9999998807907104, 0.9989014863967896, 0.9972455501556396, 0.9868996143341064, 0.9999984502792358, 0.9999916553497314, 0.9999998807907104, 0.9999996423721313, 0.9999744892120361, 1.0, 0.9999998807907104, 0.9993727803230286, 1.0, 0.9999998807907104, 0.9999982118606567, 0.9993458390235901, 0.9999980926513672, 0.9995785355567932, 0.9984555244445801, 0.9998617172241211, 0.9999902248382568, 0.9998666048049927, 0.9998987913131714, 0.9998620748519897, 0.9999874830245972, 1.0, 0.9999974966049194, 0.9993665814399719, 0.9999657869338989, 0.9998490810394287, 0.9999973773956299, 0.999998927116394, 0.9999212026596069, 1.0, 0.9989176988601685, 0.9992498755455017, 0.9997966885566711, 0.9999991655349731, 0.9999959468841553, 0.9998262524604797, 0.9999560117721558, 0.9999948740005493, 0.999657392501831, 0.9995143413543701, 1.0, 0.9949997663497925, 1.0, 1.0, 0.9996629953384399]}