{"accuracy_top-1": 98.24561309814453, "precision": 98.38709677419355, "recall": 98.14814814814815, "f1_score": 98.23693164243736, "confusion": [[26, 1], [0, 30]], "pred_score": [0.9999996423721313, 0.9999998807907104, 0.9972438812255859, 0.9999874830245972, 0.999295711517334, 0.999998927116394, 1.0, 1.0, 1.0, 0.9952640533447266, 1.0, 1.0, 0.99505215883255, 0.9999998807907104, 0.9984524250030518, 0.9954747557640076, 0.9963234663009644, 0.9999945163726807, 0.9999552965164185, 1.0, 0.9962904453277588, 1.0, 0.9916199445724487, 0.9999998807907104, 0.9963156580924988, 1.0, 0.9996899366378784, 0.6440185904502869, 1.0, 0.9999985694885254, 1.0, 1.0, 0.9999998807907104, 1.0, 0.9994342923164368, 0.9994170665740967, 0.9998681545257568, 0.9801672101020813, 0.9999995231628418, 0.519079327583313, 0.9996659755706787, 0.997788667678833, 0.999417781829834, 1.0, 0.8988975286483765, 0.9978963136672974, 0.9984803795814514, 0.9993191957473755, 0.99512779712677, 0.9999998807907104, 1.0, 1.0, 0.9994780421257019, 0.9999830722808838, 0.9999481439590454, 0.9999998807907104, 0.999346911907196]}