{"accuracy_top-1": 100.0, "precision": 100.0, "recall": 100.0, "f1_score": 100.0, "confusion": [[27, 0], [0, 31]], "pred_score": [1.0, 1.0, 0.9999998807907104, 0.9999979734420776, 0.9999959468841553, 1.0, 1.0, 0.9999992847442627, 1.0, 1.0, 0.9999997615814209, 1.0, 0.9999994039535522, 1.0, 1.0, 1.0, 1.0, 1.0, 0.9997820258140564, 0.9960764050483704, 1.0, 1.0, 1.0, 0.9999929666519165, 1.0, 1.0, 1.0, 1.0, 1.0, 0.9999978542327881, 1.0, 1.0, 1.0, 1.0, 0.9999991655349731, 0.9999877214431763, 0.9999744892120361, 0.9993830919265747, 0.9999926090240479, 1.0, 1.0, 1.0, 1.0, 1.0, 1.0, 0.9999978542327881, 0.9999945163726807, 0.999990701675415, 1.0, 0.9999972581863403, 1.0, 0.9999996423721313, 1.0, 0.9994403719902039, 1.0, 1.0, 0.9999996423721313, 1.0]}