{"accuracy_top-1": 100.0, "precision": 100.0, "recall": 100.0, "f1_score": 100.0, "confusion": [[26, 0], [0, 31]], "pred_score": [0.999998927116394, 0.9999725818634033, 1.0, 0.9999758005142212, 1.0, 0.9999823570251465, 0.9999983310699463, 0.9999765157699585, 0.9999992847442627, 0.9984000325202942, 0.9999997615814209, 0.9999091625213623, 0.999988317489624, 0.999994158744812, 0.9998960494995117, 0.9999978542327881, 0.999980092048645, 1.0, 1.0, 1.0, 1.0, 0.9999948740005493, 1.0, 0.9998329877853394, 1.0, 0.9998401403427124, 1.0, 0.9999918937683105, 0.9999985694885254, 1.0, 0.9999972581863403, 1.0, 1.0, 1.0, 0.9997913241386414, 0.9997758269309998, 0.9999407529830933, 0.9999990463256836, 0.9989521503448486, 0.9995002746582031, 0.9994041919708252, 1.0, 1.0, 0.9890177249908447, 0.9999998807907104, 1.0, 0.9999639987945557, 0.9999977350234985, 0.9999600648880005, 1.0, 0.9999202489852905, 1.0, 1.0, 0.9999743700027466, 0.9999874830245972, 1.0, 0.999911904335022]}