{"accuracy_top-1": 100.0, "precision": 100.0, "recall": 100.0, "f1_score": 100.0, "confusion": [[25, 0], [0, 32]], "pred_score": [0.999713122844696, 0.9999992847442627, 0.9999701976776123, 0.9987419247627258, 0.999890923500061, 0.9999957084655762, 1.0, 0.9998708963394165, 0.9993365406990051, 0.9999964237213135, 0.9999990463256836, 0.9997778534889221, 0.999160647392273, 0.9999959468841553, 0.9996697902679443, 0.9922696352005005, 0.9999994039535522, 0.9999310970306396, 0.9998929500579834, 0.9999996423721313, 0.9999996423721313, 0.9992832541465759, 0.9999994039535522, 0.9999974966049194, 0.9999065399169922, 0.9999992847442627, 0.9999899864196777, 0.9995927214622498, 0.9999967813491821, 0.9999979734420776, 0.9999947547912598, 0.9999985694885254, 0.9999948740005493, 0.9999990463256836, 0.9998238682746887, 0.9993095397949219, 0.9996896982192993, 0.9999685287475586, 0.9999974966049194, 0.9999682903289795, 0.9968966245651245, 0.9999909400939941, 0.9999973773956299, 0.9999995231628418, 0.9794005751609802, 0.9999996423721313, 0.99992835521698, 0.9999945163726807, 0.9999051094055176, 0.9991706609725952, 0.9998142123222351, 0.9999738931655884, 0.9999911785125732, 0.9999977350234985, 0.9999871253967285, 0.9999912977218628, 0.9999964237213135]}