{"accuracy_top-1": 98.24561309814453, "precision": 98.07692307692308, "recall": 98.4375, "f1_score": 98.22595704948645, "confusion": [[31, 1], [0, 25]], "pred_score": [1.0, 0.5344599485397339, 0.9997058510780334, 0.9998738765716553, 0.999177873134613, 0.9991809725761414, 0.9994415640830994, 0.9999682903289795, 0.9952338337898254, 0.9311889410018921, 0.9997628331184387, 1.0, 1.0, 0.9999998807907104, 0.9998718500137329, 0.9999995231628418, 1.0, 0.9996040463447571, 0.9999896287918091, 1.0, 0.9999939203262329, 0.9999970197677612, 0.9999921321868896, 0.9994951486587524, 1.0, 0.999990701675415, 0.9999997615814209, 0.986236572265625, 0.9999992847442627, 1.0, 0.9999319314956665, 1.0, 0.999606192111969, 1.0, 0.999998927116394, 0.9999881982803345, 0.9999747276306152, 0.9999656677246094, 0.9999912977218628, 0.6210049390792847, 1.0, 0.9998514652252197, 1.0, 0.999909520149231, 0.999077320098877, 0.9999603033065796, 0.9992455244064331, 1.0, 0.9988682270050049, 0.9999982118606567, 1.0, 0.9998581409454346, 1.0, 0.9970991611480713, 0.9999699592590332, 1.0, 0.9999896287918091]}