{"accuracy_top-1": 100.0, "precision": 100.0, "recall": 100.0, "f1_score": 100.0, "confusion": [[31, 0], [0, 27]], "pred_score": [1.0, 0.9999998807907104, 0.9999932050704956, 1.0, 1.0, 0.9999806880950928, 0.999762237071991, 0.9999979734420776, 1.0, 1.0, 0.9999996423721313, 1.0, 0.9997627139091492, 1.0, 0.9999998807907104, 0.9999998807907104, 0.9989494681358337, 0.9999998807907104, 0.9999998807907104, 0.999906063079834, 0.9999994039535522, 0.9999955892562866, 1.0, 1.0, 0.9999997615814209, 1.0, 1.0, 1.0, 0.9999988079071045, 1.0, 0.9999997615814209, 1.0, 0.9999998807907104, 0.9999701976776123, 0.9999995231628418, 0.9999997615814209, 0.9999995231628418, 0.9999974966049194, 0.9999961853027344, 0.9999568462371826, 1.0, 0.9999991655349731, 0.9999997615814209, 0.9999996423721313, 0.9999991655349731, 0.9999949932098389, 0.9981355667114258, 1.0, 0.9999366998672485, 0.9999926090240479, 0.9999994039535522, 1.0, 0.9999992847442627, 0.9999963045120239, 1.0, 1.0, 0.9999996423721313, 1.0]}