{"accuracy_top-1": 94.93670654296875, "precision": 95.48717948717949, "recall": 94.81284086284086, "f1_score": 95.07737607097945, "confusion": [[30, 2, 0, 0, 0], [1, 33, 1, 0, 0], [1, 0, 38, 0, 0], [2, 0, 0, 25, 0], [1, 0, 0, 0, 24]], "pred_score": [0.7144936919212341, 0.5328750610351562, 0.9999431371688843, 0.5375360250473022, 0.9985451698303223, 0.999427080154419, 0.999832272529602, 0.9998334646224976, 0.9995050430297852, 0.9925705790519714, 0.9999016523361206, 0.9976415634155273, 0.9600419998168945, 0.8379977345466614, 0.9999599456787109, 0.998874843120575, 0.9993190765380859, 0.9766589999198914, 0.841688871383667, 0.9748144745826721, 0.901261031627655, 0.9967370629310608, 0.9960148334503174, 0.9948742985725403, 0.999477207660675, 0.9996471405029297, 0.9997779726982117, 0.9996347427368164, 0.954868733882904, 0.9997734427452087, 0.9999575614929199, 0.9997690320014954, 0.9986878037452698, 0.9667779803276062, 0.9994093179702759, 0.9674980640411377, 0.9855509996414185, 0.9993058443069458, 0.7143275737762451, 0.9996706247329712, 0.9992278814315796, 0.9531755447387695, 0.9428806304931641, 0.9995169639587402, 0.9997391104698181, 0.4612475633621216, 0.9923869371414185, 0.9943711161613464, 0.9999594688415527, 0.9997425675392151, 0.8146916031837463, 0.5981141924858093, 0.9966540336608887, 0.7597864866256714, 0.636485755443573, 0.9996347427368164, 0.9970575571060181, 0.5032809972763062, 0.9988818764686584, 0.9877713918685913, 0.9794374108314514, 0.9994407296180725, 0.9986457228660583, 0.9957309365272522, 0.9837614893913269, 0.9836053252220154, 0.9987829327583313, 0.9998779296875, 0.9988269209861755, 0.9945117235183716, 0.9999804496765137, 0.9997550845146179, 0.8405928611755371, 0.9971103668212891, 0.999797523021698, 0.9998805522918701, 0.9298765659332275, 0.9834405183792114, 0.9997612833976746, 0.9999961853027344, 0.9951022863388062, 0.998759388923645, 0.9997860789299011, 0.6088412404060364, 0.6311366558074951, 0.9999808073043823, 0.954592764377594, 0.999830961227417, 0.9973161816596985, 0.9975306391716003, 0.9867658615112305, 0.9640299677848816, 0.9990496039390564, 0.9940212368965149, 0.9903479814529419, 0.9984475374221802, 0.9999562501907349, 0.9965740442276001, 0.9316825866699219, 0.4487949311733246, 0.9186459183692932, 0.9949493408203125, 0.9536813497543335, 0.9532346725463867, 0.9821072220802307, 0.996038556098938, 0.995676577091217, 0.9981024861335754, 0.954592764377594, 0.9999122619628906, 0.9992153644561768, 0.9995198249816895, 0.9991711378097534, 0.9925352334976196, 0.9996629953384399, 0.9997579455375671, 0.9999948740005493, 0.9996059536933899, 0.9968410730361938, 0.9847913384437561, 0.7881847620010376, 0.9995778203010559, 0.9949028491973877, 0.9758754968643188, 0.9944671392440796, 0.9951385259628296, 0.8834606409072876, 0.9937479496002197, 0.8700409531593323, 0.9826913475990295, 0.9986116886138916, 0.8170428276062012, 0.992540180683136, 0.9843444228172302, 0.9998854398727417, 0.9994080066680908, 0.9974752068519592, 0.7511628866195679, 0.7088322043418884, 0.9965961575508118, 0.9108653664588928, 0.9999743700027466, 0.9914417862892151, 0.4905487895011902, 0.9298060536384583, 0.9996114373207092, 0.9999222755432129, 0.9146837592124939, 0.9748004078865051, 0.9978659749031067, 0.9998886585235596, 0.9992949962615967, 0.998434841632843, 0.982174277305603, 0.904828667640686, 0.7245102524757385, 0.9866471290588379, 0.9999570846557617]}