{"accuracy_top-1": 93.08175659179688, "precision": 92.71932234432234, "recall": 92.87397787397788, "f1_score": 92.69771748719117, "confusion": [[25, 0, 1, 1, 1], [1, 26, 0, 0, 0], [0, 1, 31, 0, 1], [0, 0, 0, 38, 0], [2, 3, 0, 0, 28]], "pred_score": [0.9975683093070984, 0.9873088002204895, 0.9999464750289917, 0.6097097992897034, 0.9997722506523132, 0.9975979924201965, 0.9609286189079285, 0.9394263029098511, 0.5660234689712524, 0.9345774054527283, 0.9993997812271118, 0.9696651101112366, 0.9995357990264893, 0.9997023940086365, 0.9037927985191345, 0.9995688796043396, 0.9696555137634277, 0.9975939393043518, 0.9991281628608704, 0.9981986880302429, 0.46241945028305054, 0.998503565788269, 0.3687766492366791, 0.967246949672699, 0.5298850536346436, 0.9826783537864685, 0.7027266621589661, 0.6355090737342834, 0.9999057054519653, 0.9998255372047424, 0.5866318345069885, 0.863674521446228, 0.9810411334037781, 0.9917851686477661, 0.9991024732589722, 0.9928001165390015, 0.9998108744621277, 0.9800573587417603, 0.9533722400665283, 0.9817017316818237, 0.9974861145019531, 0.9754977822303772, 0.9987221360206604, 0.9960348010063171, 0.9983426332473755, 0.9987020492553711, 0.9969984292984009, 0.9806385636329651, 0.9996465444564819, 0.9996227025985718, 0.947667121887207, 0.9691832065582275, 0.9264556169509888, 0.9996562004089355, 0.9616707563400269, 0.9843295216560364, 0.9992601275444031, 0.9974725842475891, 0.9910783171653748, 0.999734103679657, 0.9999585151672363, 0.9998294115066528, 0.9793192744255066, 0.9983921647071838, 0.9996316432952881, 0.9402188062667847, 0.9999815225601196, 0.9986428618431091, 0.6356546878814697, 0.999497652053833, 0.4967803359031677, 0.9997772574424744, 0.8240733742713928, 0.885376513004303, 0.9990466237068176, 0.9963430762290955, 0.8025476932525635, 0.9957929849624634, 0.9953933954238892, 0.8619619011878967, 0.9999234676361084, 0.8001466393470764, 0.8589460253715515, 0.999169111251831, 0.8269950747489929, 0.7500016689300537, 0.9996140599250793, 0.7142145037651062, 0.983807384967804, 0.739014744758606, 0.9913128018379211, 0.969064474105835, 0.9993293285369873, 0.9998270869255066, 0.6501659154891968, 0.49305203557014465, 0.9996300935745239, 0.9883468747138977, 0.9999518394470215, 0.987265944480896, 0.6527132987976074, 0.8888912200927734, 0.9999797344207764, 0.9979333877563477, 0.8766685128211975, 0.9998700618743896, 0.9999582767486572, 0.9848780035972595, 0.9801158905029297, 0.9999494552612305, 0.997658371925354, 0.9995104074478149, 0.6279059648513794, 0.8191578388214111, 0.9999963045120239, 0.9999408721923828, 0.9997217059135437, 0.9981104135513306, 0.9933804273605347, 0.9923529028892517, 0.999750554561615, 0.999936580657959, 0.5562630891799927, 0.9978410005569458, 0.9970851540565491, 0.9990971088409424, 0.9057132005691528, 0.9996752738952637, 0.9999388456344604, 0.8271616697311401, 0.9994826316833496, 0.9999730587005615, 0.9991227984428406, 0.9999676942825317, 0.942143976688385, 0.9863894581794739, 0.9999322891235352, 0.8127152919769287, 0.9999880790710449, 0.9929723739624023, 0.999440610408783, 0.996121346950531, 0.9513717293739319, 0.6753086447715759, 0.9613332152366638, 0.9250509142875671, 0.9916748404502869, 0.9889134764671326, 0.9979478716850281, 0.983643114566803, 0.9799309968948364, 0.9998617172241211, 0.9579917788505554, 0.9997909665107727, 0.4617726504802704, 0.9944865107536316, 0.9567770957946777, 0.7811828851699829, 0.9985363483428955]}