{"accuracy_top-1": 96.20252990722656, "precision": 96.34920634920636, "recall": 95.84045584045585, "f1_score": 96.00206143063285, "confusion": [[34, 0, 0, 2, 0], [1, 26, 0, 0, 0], [0, 0, 35, 0, 0], [0, 0, 0, 34, 0], [1, 2, 0, 0, 23]], "pred_score": [0.9999914169311523, 0.9997853636741638, 0.9951282739639282, 0.9713530540466309, 0.698635458946228, 0.37814095616340637, 0.9950867295265198, 0.8776429891586304, 0.9982776641845703, 0.886296272277832, 0.9942611455917358, 0.5091895461082458, 0.6028085947036743, 0.5509318113327026, 0.8352920413017273, 0.9564843773841858, 0.999962329864502, 0.9850358963012695, 0.9860212206840515, 0.9943135976791382, 0.9451138973236084, 0.9985249638557434, 0.9994799494743347, 0.9999772310256958, 0.9994214773178101, 0.9989469647407532, 0.9695360064506531, 0.7982573509216309, 0.9944329857826233, 0.9747697114944458, 0.9943581223487854, 0.555306613445282, 0.9999992847442627, 0.8362818956375122, 0.9991801381111145, 0.9616641402244568, 0.9952062964439392, 0.9960162043571472, 0.9866490960121155, 0.9998598098754883, 0.9974109530448914, 0.999982476234436, 0.9999327659606934, 0.9659148454666138, 0.573063850402832, 0.9990624785423279, 0.8427538275718689, 0.9995794892311096, 0.5970481038093567, 0.9935212731361389, 0.9991438388824463, 0.9945343732833862, 0.9960796236991882, 0.974536120891571, 0.9999287128448486, 0.939294695854187, 0.9938403367996216, 0.9812093377113342, 0.9991812109947205, 0.9983731508255005, 0.5931736826896667, 0.9974275231361389, 0.9985968470573425, 0.43576914072036743, 0.9985960125923157, 0.9917550086975098, 0.9991256594657898, 0.9998854398727417, 0.9769710898399353, 0.9767895340919495, 0.876524806022644, 0.9977926015853882, 0.6804522275924683, 0.9999303817749023, 0.9954468607902527, 0.9388952255249023, 0.9994699358940125, 0.998784601688385, 0.9986885190010071, 0.7259086966514587, 0.6261735558509827, 0.9969030022621155, 0.9962717294692993, 0.9055849313735962, 0.999271810054779, 0.9572687149047852, 0.9995312690734863, 0.9990552067756653, 0.9986936450004578, 0.9665565490722656, 0.5002690553665161, 0.4891926348209381, 0.9999068975448608, 0.9629729986190796, 0.5751887559890747, 0.9998962879180908, 0.9449461102485657, 0.9377397298812866, 0.758131742477417, 0.9988897442817688, 0.9969068169593811, 0.8451897501945496, 0.726211667060852, 0.5300333499908447, 0.9957464337348938, 0.932083785533905, 0.9003363251686096, 0.9999973773956299, 0.9997923970222473, 0.9996439218521118, 0.9824548363685608, 0.9999563694000244, 0.9959245920181274, 0.9999649524688721, 0.997327446937561, 0.9995493292808533, 0.9956307411193848, 0.9994014501571655, 0.5983489155769348, 0.9920177459716797, 0.7879314422607422, 0.9774775505065918, 0.9911648631095886, 0.9982636570930481, 0.9996336698532104, 0.9991523027420044, 0.9999368190765381, 0.9994125366210938, 0.9825595617294312, 0.999693751335144, 0.9982054233551025, 0.9996844530105591, 0.999976396560669, 0.9987956285476685, 0.9997190833091736, 0.9994310736656189, 0.9136546850204468, 0.9996930360794067, 0.9911736845970154, 0.9253455400466919, 0.9545698165893555, 0.7584273219108582, 0.6645883321762085, 0.9055261015892029, 0.999484658241272, 0.9808972477912903, 0.9956640601158142, 0.985289990901947, 0.952413022518158, 0.9984968900680542, 0.9995942711830139, 0.9995540976524353, 0.9997902512550354, 0.9991341233253479, 0.9269675612449646, 0.9980430603027344, 0.9969419836997986, 0.9978156089782715]}