{"accuracy_top-1": 94.93670654296875, "precision": 95.05126728110599, "recall": 95.11140819964349, "f1_score": 95.06163039858691, "confusion": [[31, 0, 1, 0, 1], [0, 30, 0, 1, 1], [0, 1, 30, 0, 1], [0, 0, 0, 27, 0], [1, 1, 0, 0, 32]], "pred_score": [0.9997850060462952, 0.9300632476806641, 0.9991987347602844, 0.9967094659805298, 0.9998420476913452, 0.6361425518989563, 0.9930264949798584, 0.6120026111602783, 0.9992489218711853, 0.9990689158439636, 0.9971463084220886, 0.30403563380241394, 0.9907494187355042, 0.6713114380836487, 0.9541171193122864, 0.9840101599693298, 0.944450855255127, 0.9885663390159607, 0.9570997357368469, 0.9040583372116089, 0.9982118606567383, 0.999713122844696, 0.9979283809661865, 0.5013781785964966, 0.9774296283721924, 0.8447874188423157, 0.8136255741119385, 0.9942203760147095, 0.9996720552444458, 0.7364238500595093, 0.9954121708869934, 0.9958815574645996, 0.9999234676361084, 0.9879118204116821, 0.9934428930282593, 0.9992368221282959, 0.9979154467582703, 0.9927364587783813, 0.9994674324989319, 0.9986164569854736, 0.4418492913246155, 0.9893656969070435, 0.9938228130340576, 0.9960297346115112, 0.9686656594276428, 0.9906343221664429, 0.556820273399353, 0.994271993637085, 0.9858943223953247, 0.9998550415039062, 0.9964845180511475, 0.9997631907463074, 0.987471878528595, 0.8314397931098938, 0.9975820779800415, 0.927560567855835, 0.9992597699165344, 0.6553528308868408, 0.9956854581832886, 0.9993185997009277, 0.9453974366188049, 0.9852745532989502, 0.8189059495925903, 0.9776020646095276, 0.7345476150512695, 0.9943091869354248, 0.9990598559379578, 0.9981988072395325, 0.983481228351593, 0.9997223019599915, 0.6386827230453491, 0.9938129186630249, 0.9894027709960938, 0.9994346499443054, 0.9990954399108887, 0.9780598282814026, 0.8669160008430481, 0.9303280711174011, 0.9994726777076721, 0.998202919960022, 0.8981970548629761, 0.9987467527389526, 0.5111175775527954, 0.9323260188102722, 0.663679301738739, 0.9644696712493896, 0.9874842762947083, 0.9990335702896118, 0.9996998310089111, 0.9995754361152649, 0.998741090297699, 0.9347992539405823, 0.9999179840087891, 0.9999347925186157, 0.9920538663864136, 0.913667619228363, 0.9928104281425476, 0.9685971140861511, 0.8170533776283264, 0.9421024918556213, 0.5101839900016785, 0.9085956811904907, 0.9987346529960632, 0.9978227615356445, 0.9970194697380066, 0.9992237091064453, 0.9996603727340698, 0.9202805161476135, 0.9932383298873901, 0.8822617530822754, 0.9988632202148438, 0.9968993663787842, 0.999396562576294, 0.8418791890144348, 0.9765278100967407, 0.9634050726890564, 0.7679237127304077, 0.9935303330421448, 0.9993510842323303, 0.9952379465103149, 0.9988038539886475, 0.99974125623703, 0.9985051155090332, 0.9987315535545349, 0.9993299245834351, 0.759581446647644, 0.9990839958190918, 0.9596325755119324, 0.9541954398155212, 0.8535197377204895, 0.9982877373695374, 0.6600614786148071, 0.9911618232727051, 0.9799138307571411, 0.7818197011947632, 0.9981498718261719, 0.4311986267566681, 0.9267002940177917, 0.9961119294166565, 0.8968933820724487, 0.9984474778175354, 0.9928765892982483, 0.9991065859794617, 0.9970483183860779, 0.9933187961578369, 0.9909018278121948, 0.9869441986083984, 0.9947880506515503, 0.9989193677902222, 0.9990414977073669, 0.6910010576248169, 0.9948368072509766, 0.9871888756752014, 0.798053503036499, 0.82863849401474, 0.4271796643733978, 0.9997283816337585, 0.9895959496498108]}