{"accuracy_top-1": 94.30379486083984, "precision": 94.39271749755622, "recall": 94.41077441077441, "f1_score": 94.21261647956564, "confusion": [[30, 1, 0, 0, 2], [1, 26, 0, 0, 0], [0, 3, 30, 0, 0], [0, 0, 0, 32, 0], [0, 2, 0, 0, 31]], "pred_score": [0.9997754693031311, 0.9975583553314209, 0.5306460857391357, 0.9993988275527954, 0.9987327456474304, 0.9884711503982544, 0.9987632036209106, 0.9998446702957153, 0.9976346492767334, 0.999197781085968, 0.9958921670913696, 0.985316812992096, 0.997745931148529, 0.9930238723754883, 0.9986658096313477, 0.9997124075889587, 0.9950246214866638, 0.9990835189819336, 0.9866190552711487, 0.9883195161819458, 0.9507606625556946, 0.9822304844856262, 0.9492601156234741, 0.7522677779197693, 0.9990932941436768, 0.9889916181564331, 0.9972407817840576, 0.5483525395393372, 0.6468400955200195, 0.9833242297172546, 0.9323810338973999, 0.9998706579208374, 0.9983060359954834, 0.7245492339134216, 0.9492900967597961, 0.999969482421875, 0.9281931519508362, 0.9982060194015503, 0.9975181818008423, 0.988035261631012, 0.984662652015686, 0.999828577041626, 0.9994974136352539, 0.9950506091117859, 0.9996616840362549, 0.9989226460456848, 0.9995349645614624, 0.9983963370323181, 0.8936529755592346, 0.5315520763397217, 0.9962455630302429, 0.8342601656913757, 0.9345357418060303, 0.9999468326568604, 0.997859537601471, 0.9787534475326538, 0.40725991129875183, 0.9812681078910828, 0.9999853372573853, 0.48511990904808044, 0.9999759197235107, 0.9964687824249268, 0.9973788261413574, 0.9843747019767761, 0.9976140260696411, 0.9986500144004822, 0.9991324543952942, 0.9999523162841797, 0.9709722399711609, 0.9998255372047424, 0.9922985434532166, 0.9983028173446655, 0.9941788911819458, 0.986435055732727, 0.9681519865989685, 0.9744466543197632, 0.9450609683990479, 0.997718334197998, 0.9895010590553284, 0.999665379524231, 0.957871675491333, 0.9846944212913513, 0.9948521256446838, 0.8002238273620605, 0.4663618505001068, 0.9807326197624207, 0.9805499911308289, 0.998772919178009, 0.9986010193824768, 0.9946439266204834, 0.8730185031890869, 0.9870317578315735, 0.4753425121307373, 0.9974417686462402, 0.9973016977310181, 0.9999405145645142, 0.999281108379364, 0.6051164865493774, 0.9914845824241638, 0.9998573064804077, 0.9995589852333069, 0.834267258644104, 0.9903079867362976, 0.9995898604393005, 0.9983524084091187, 0.9559751152992249, 0.9988007545471191, 0.9997860789299011, 0.9959160685539246, 0.9962132573127747, 0.9722483158111572, 0.9998888969421387, 0.9993587136268616, 0.9979814291000366, 0.9069290161132812, 0.9760865569114685, 0.9999004602432251, 0.9982253909111023, 0.9972564578056335, 0.9990606904029846, 0.889658510684967, 0.9999414682388306, 0.9987063407897949, 0.9996224641799927, 0.989732563495636, 0.9958337545394897, 0.9700436592102051, 0.9967087507247925, 0.9234414100646973, 0.9997850060462952, 0.9974431991577148, 0.9997028708457947, 0.9963749051094055, 0.9998818635940552, 0.9938054084777832, 0.9530529379844666, 0.999731719493866, 0.9927477240562439, 0.9910480380058289, 0.9981493949890137, 0.9990284442901611, 0.9994729161262512, 0.8582716584205627, 0.4307200014591217, 0.7963589429855347, 0.9962182641029358, 0.9173731803894043, 0.8426823616027832, 0.8234200477600098, 0.9991758465766907, 0.9906383752822876, 0.9879558682441711, 0.9779244065284729, 0.9998648166656494, 0.6274759769439697, 0.9998911619186401, 0.9998409748077393, 0.9999836683273315]}