{"accuracy_top-1": 95.59748077392578, "precision": 95.82683982683983, "recall": 95.35319593787337, "f1_score": 95.50872271412291, "confusion": [[29, 0, 1, 2, 0], [0, 29, 2, 0, 0], [0, 1, 25, 1, 0], [0, 0, 0, 41, 0], [0, 0, 0, 0, 28]], "pred_score": [0.8618941307067871, 0.9995428323745728, 0.9999762773513794, 0.9967226386070251, 0.9068194627761841, 0.9948980212211609, 0.5065522789955139, 0.9981359243392944, 0.9741305112838745, 0.9997296929359436, 0.7504023313522339, 0.7849239706993103, 0.9978061318397522, 0.9999438524246216, 0.9314912557601929, 0.9997547268867493, 0.9776667952537537, 0.9775043725967407, 0.9992275238037109, 0.9041810035705566, 0.9994922876358032, 0.900397002696991, 0.986583411693573, 0.9991581439971924, 0.9971823692321777, 0.9995867609977722, 0.9998648166656494, 0.9976969361305237, 0.9992597699165344, 0.9997091889381409, 0.4774535596370697, 0.9993717074394226, 0.9958968162536621, 0.3798847794532776, 0.9961131811141968, 0.9993807077407837, 0.9518575072288513, 0.9884218573570251, 0.9974714517593384, 0.9141358733177185, 0.753292441368103, 0.7788528203964233, 0.9972948431968689, 0.9996470212936401, 0.9999382495880127, 0.9990161657333374, 0.999491810798645, 0.9747068881988525, 0.9065329432487488, 0.9994850158691406, 0.9732469320297241, 0.9989268183708191, 0.999549925327301, 0.9988858103752136, 0.8836228251457214, 0.9995059967041016, 0.5023390650749207, 0.9997702240943909, 0.9950650334358215, 0.915266215801239, 0.993474543094635, 0.9709243774414062, 0.9457762837409973, 0.9655352830886841, 0.9586789011955261, 0.9991668462753296, 0.9661969542503357, 0.9468058347702026, 0.9894682765007019, 0.9998806715011597, 0.8738381862640381, 0.9987913966178894, 0.9657952785491943, 0.8246039748191833, 0.8536244630813599, 0.9949946403503418, 0.9171447157859802, 0.9992101192474365, 0.9950942993164062, 0.9903631806373596, 0.9410980343818665, 0.9812306761741638, 0.9760573506355286, 0.999649167060852, 0.9999402761459351, 0.9984978437423706, 0.997600257396698, 0.9976254105567932, 0.961013913154602, 0.9833747148513794, 0.9860529899597168, 0.9998561143875122, 0.7446991205215454, 0.9976087808609009, 0.9994722008705139, 0.90165776014328, 0.9999510049819946, 0.8565858602523804, 0.9261987209320068, 0.7328490614891052, 0.9952400922775269, 0.8077219128608704, 0.8842925429344177, 0.9735603928565979, 0.9929043650627136, 0.9969674944877625, 0.6036606431007385, 0.9261586666107178, 0.9987244009971619, 0.94381183385849, 0.9886764287948608, 0.9951340556144714, 0.9676926136016846, 0.9993771910667419, 0.9551502466201782, 0.9941630959510803, 0.9998799562454224, 0.8734832406044006, 0.9724761843681335, 0.9847817420959473, 0.9993194341659546, 0.9995562434196472, 0.9976382255554199, 0.9993085861206055, 0.39897704124450684, 0.8680204749107361, 0.9528387188911438, 0.9859785437583923, 0.9977337121963501, 0.6956921219825745, 0.640904426574707, 0.9998557567596436, 0.6979683041572571, 0.9892296195030212, 0.9950919151306152, 0.9997126460075378, 0.9810127019882202, 0.9915279150009155, 0.9987360835075378, 0.9739315509796143, 0.9975868463516235, 0.83961021900177, 0.9883477091789246, 0.9989871382713318, 0.8804439306259155, 0.7686127424240112, 0.677682101726532, 0.9866266846656799, 0.9989620447158813, 0.9997969269752502, 0.977372944355011, 0.5095095038414001, 0.9988975524902344, 0.9567080140113831, 0.9822661876678467, 0.9985994696617126, 0.9995562434196472, 0.9190564751625061, 0.9637216329574585]}