{"accuracy_top-1": 93.710693359375, "precision": 94.17989417989418, "recall": 94.10266318592643, "f1_score": 93.95071014488258, "confusion": [[36, 0, 0, 0, 1], [1, 27, 0, 0, 1], [0, 0, 26, 0, 0], [3, 0, 1, 36, 1], [2, 0, 0, 0, 24]], "pred_score": [0.9488019943237305, 0.7257298231124878, 0.999392032623291, 0.9549073576927185, 0.9993458390235901, 0.9812031388282776, 0.9299633502960205, 0.9993855953216553, 0.9994650483131409, 0.5903118252754211, 0.8319011926651001, 0.9996515512466431, 0.9535495638847351, 0.9981551766395569, 0.6135077476501465, 0.9865793585777283, 0.9365743398666382, 0.9952895641326904, 0.9995686411857605, 0.9794121384620667, 0.7584876418113708, 0.9998249411582947, 0.9978476762771606, 0.5015462636947632, 0.7917717099189758, 0.9955747127532959, 0.9995177984237671, 0.9996858835220337, 0.5976972579956055, 0.6383281946182251, 0.499299556016922, 0.9215332269668579, 0.9768314957618713, 0.9983119964599609, 0.9982688426971436, 0.9996497631072998, 0.987195611000061, 0.9999586343765259, 0.9921857714653015, 0.9994589686393738, 0.995378851890564, 0.5058209896087646, 0.9998787641525269, 0.9160227179527283, 0.8373681306838989, 0.9536107778549194, 0.6234157681465149, 0.9903696179389954, 0.998969554901123, 0.9734950661659241, 0.9999463558197021, 0.9999159574508667, 0.6860513091087341, 0.8605505228042603, 0.9516168236732483, 0.9871591329574585, 0.9995014667510986, 0.985280454158783, 0.713860034942627, 0.6500292420387268, 0.9982853531837463, 0.999646782875061, 0.9995641112327576, 0.9992650151252747, 0.9992631077766418, 0.9974358677864075, 0.998906135559082, 0.8881953358650208, 0.9964194297790527, 0.6059951782226562, 0.9954466223716736, 0.9331572651863098, 0.9993093013763428, 0.9994962215423584, 0.9996265172958374, 0.9997106194496155, 0.7401255369186401, 0.9993380904197693, 0.9999116659164429, 0.5256696939468384, 0.9896262884140015, 0.9987183809280396, 0.8805378675460815, 0.9995998740196228, 0.9963476061820984, 0.998677670955658, 0.7093601226806641, 0.9953466057777405, 0.9955329895019531, 0.9996150732040405, 0.987261176109314, 0.9544453620910645, 0.999173104763031, 0.6790738701820374, 0.4936400055885315, 0.9995843768119812, 0.8849449157714844, 0.9817365407943726, 0.9992383718490601, 0.723292350769043, 0.9998262524604797, 0.9841894507408142, 0.9212536811828613, 0.9976584911346436, 0.6873688697814941, 0.9993590712547302, 0.815069317817688, 0.9995437264442444, 0.9999604225158691, 0.9978827834129333, 0.7824776768684387, 0.9811460971832275, 0.9992030262947083, 0.41333356499671936, 0.9999867677688599, 0.9985785484313965, 0.9994256496429443, 0.9108907580375671, 0.9886453151702881, 0.3866994380950928, 0.9910188913345337, 0.9980643391609192, 0.9998437166213989, 0.9814493060112, 0.9996638298034668, 0.994581401348114, 0.9909475445747375, 0.9802672863006592, 0.5362207293510437, 0.9625999331474304, 0.9918700456619263, 0.9743695855140686, 0.5004574060440063, 0.9994946718215942, 0.7763965725898743, 0.9990524649620056, 0.9876496195793152, 0.8392047882080078, 0.9992141723632812, 0.9995222091674805, 0.9949028491973877, 0.9880465269088745, 0.9218431115150452, 0.3105189800262451, 0.9992761015892029, 0.9886050224304199, 0.9867543578147888, 0.9988597631454468, 0.7750591039657593, 0.9980103373527527, 0.9935095906257629, 0.9671379327774048, 0.9836719632148743, 0.980032742023468, 0.9844939112663269, 0.9969546794891357, 0.9913772344589233, 0.38327738642692566, 0.9971264004707336]}