{"accuracy_top-1": 96.20252990722656, "precision": 96.15435647943387, "recall": 96.0251240694789, "f1_score": 95.94902058350335, "confusion": [[27, 0, 0, 1, 3], [0, 32, 0, 0, 0], [0, 1, 31, 0, 0], [0, 0, 0, 37, 0], [0, 1, 0, 0, 25]], "pred_score": [0.9997852444648743, 0.9997811913490295, 0.9695371389389038, 0.9811393618583679, 0.9996936321258545, 0.999609649181366, 0.9996820688247681, 0.9562929272651672, 0.9998339414596558, 0.9996458292007446, 0.9998587369918823, 0.9987413287162781, 0.998023271560669, 0.994574248790741, 0.9984633922576904, 0.9660304188728333, 0.5492962598800659, 0.9261766672134399, 0.5708594918251038, 0.8988628387451172, 0.9927687644958496, 0.9931244254112244, 0.9090493321418762, 0.9996020197868347, 0.9860526323318481, 0.999903678894043, 0.9839969277381897, 0.9674370288848877, 0.9976582527160645, 0.9568454027175903, 0.9970659613609314, 0.6683681011199951, 0.9990456700325012, 0.979846715927124, 0.9995563626289368, 0.877476155757904, 0.9986231327056885, 0.5587608218193054, 0.7734799385070801, 0.9994208812713623, 0.9464488625526428, 0.9653925895690918, 0.9936248064041138, 0.9993384480476379, 0.9725911021232605, 0.9052135944366455, 0.39711621403694153, 0.9997878670692444, 0.9752122163772583, 0.9898524880409241, 0.9932477474212646, 0.72306227684021, 0.9997419714927673, 0.6940940618515015, 0.9997181296348572, 0.6725988984107971, 0.9939163327217102, 0.9931493401527405, 0.9997552037239075, 0.5045645236968994, 0.9996008276939392, 0.9780120849609375, 0.9985435009002686, 0.9964601397514343, 0.961624801158905, 0.7945520281791687, 0.9940803647041321, 0.988515317440033, 0.9994064569473267, 0.9992027878761292, 0.9676821231842041, 0.9094070792198181, 0.8590267896652222, 0.8951160907745361, 0.9993153810501099, 0.9928078651428223, 0.9998891353607178, 0.9974808096885681, 0.9999274015426636, 0.9989327788352966, 0.999862551689148, 0.9997969269752502, 0.9969640374183655, 0.985733151435852, 0.8726136088371277, 0.9994449019432068, 0.9999408721923828, 0.9994279742240906, 0.8353862762451172, 0.9559037685394287, 0.7610989212989807, 0.9755685925483704, 0.9993677735328674, 0.9671590924263, 0.9368243217468262, 0.884691059589386, 0.9949553608894348, 0.9663597941398621, 0.9988195300102234, 0.9999274015426636, 0.9797831177711487, 0.9999339580535889, 0.9999535083770752, 0.9919030070304871, 0.9696449637413025, 0.9997137188911438, 0.9919141530990601, 0.9933848977088928, 0.999977707862854, 0.9998645782470703, 0.997533917427063, 0.9992528557777405, 0.9956722259521484, 0.9985210299491882, 0.7317909598350525, 0.999792754650116, 0.9890724420547485, 0.9999935626983643, 0.9999405145645142, 0.7287456393241882, 0.9998201727867126, 0.9833532571792603, 0.9990980625152588, 0.9999009370803833, 0.998354971408844, 0.9956967830657959, 0.9989312291145325, 0.9988490343093872, 0.9995880722999573, 0.998128354549408, 0.8192178606987, 0.9968029260635376, 0.9986542463302612, 0.9995836615562439, 0.9975359439849854, 0.9928352236747742, 0.8926181793212891, 0.7077527046203613, 0.9902874231338501, 0.988884449005127, 0.9987517595291138, 0.9965032339096069, 0.9924499988555908, 0.7471016049385071, 0.9999629259109497, 0.997650682926178, 0.9996463060379028, 0.9987485408782959, 0.9998778104782104, 0.9992198944091797, 0.9995019435882568, 0.9897637367248535, 0.9992419481277466, 0.9990320205688477, 0.45850518345832825, 0.9863361120223999, 0.9315832257270813, 0.9759882092475891]}