{"accuracy_top-1": 96.8553466796875, "precision": 96.80205815689688, "recall": 97.0316063864451, "f1_score": 96.9054902122759, "confusion": [[34, 0, 0, 0, 2], [0, 30, 1, 0, 0], [0, 0, 25, 0, 0], [0, 0, 0, 34, 0], [1, 1, 0, 0, 31]], "pred_score": [0.6276507377624512, 0.990696907043457, 0.9872773289680481, 0.9990506768226624, 0.7614699602127075, 0.9890389442443848, 0.9926496148109436, 0.9953635931015015, 0.9998472929000854, 0.4991101324558258, 0.9941425919532776, 0.9993770718574524, 0.9996639490127563, 0.9996539354324341, 0.9995110034942627, 0.9581331610679626, 0.995400607585907, 0.9418168067932129, 0.8281534314155579, 0.865216851234436, 0.9998267292976379, 0.9452189207077026, 0.999915361404419, 0.9983996748924255, 0.9996175765991211, 0.999543309211731, 0.6445675492286682, 0.9045573472976685, 0.9989118576049805, 0.9648424983024597, 0.9986388087272644, 0.9519666433334351, 0.9994901418685913, 0.9828125834465027, 0.9987603425979614, 0.9948272109031677, 0.9724705815315247, 0.9769560694694519, 0.9998998641967773, 0.9917203187942505, 0.9964334964752197, 0.9998307228088379, 0.9302607774734497, 0.7018094062805176, 0.9994990825653076, 0.9989351630210876, 0.9714447259902954, 0.9959250688552856, 0.3241766691207886, 0.9999678134918213, 0.988781750202179, 0.9997944235801697, 0.9971554279327393, 0.9997001886367798, 0.999180018901825, 0.7203477025032043, 0.995807409286499, 0.9999076128005981, 0.9999510049819946, 0.8803642392158508, 0.9974351525306702, 0.9991695880889893, 0.9998586177825928, 0.9058689475059509, 0.9980663657188416, 0.995972216129303, 0.9990801811218262, 0.6009690761566162, 0.9996955394744873, 0.9960176348686218, 0.4344179034233093, 0.9986253976821899, 0.9757781028747559, 0.908973753452301, 0.9990719556808472, 0.9999570846557617, 0.9997145533561707, 0.9289392232894897, 0.9838488101959229, 0.9839524626731873, 0.9279916882514954, 0.9822427034378052, 0.6193163990974426, 0.9983030557632446, 0.9043442010879517, 0.9992949962615967, 0.9999701976776123, 0.999792754650116, 0.9988231062889099, 0.9821648597717285, 0.9888491630554199, 0.9768576622009277, 0.9426231384277344, 0.9994688630104065, 0.9996351003646851, 0.9993597865104675, 0.7644470930099487, 0.9982646107673645, 0.9206869602203369, 0.9999474287033081, 0.989687979221344, 0.9723844528198242, 0.9980323910713196, 0.9976391792297363, 0.9920716881752014, 0.5851083397865295, 0.926770031452179, 0.9972760081291199, 0.9835755228996277, 0.984894335269928, 0.9998841285705566, 0.999735414981842, 0.9543147683143616, 0.9945605397224426, 0.8210864663124084, 0.9963286519050598, 0.9980965256690979, 0.9997560381889343, 0.958182692527771, 0.9939717650413513, 0.9996263980865479, 0.914191484451294, 0.9998648166656494, 0.9998434782028198, 0.8691768050193787, 0.9986522793769836, 0.9970676302909851, 0.6618366837501526, 0.9977083206176758, 0.9833067059516907, 0.8133582472801208, 0.9877497553825378, 0.999679684638977, 0.996928870677948, 0.997427761554718, 0.9978748559951782, 0.9994195699691772, 0.9999814033508301, 0.999601423740387, 0.9980807304382324, 0.9943826198577881, 0.9996032118797302, 0.9322963953018188, 0.9969325065612793, 0.8165565729141235, 0.9477630257606506, 0.9959623217582703, 0.971276044845581, 0.9792218804359436, 0.9696425795555115, 0.946929931640625, 0.9996076226234436, 0.99925297498703, 0.8354433178901672, 0.9933117628097534, 0.9996957778930664, 0.8583425879478455, 0.9936189651489258, 0.9974464178085327]}