{"accuracy_top-1": 94.93670654296875, "precision": 94.21836228287842, "recall": 94.67574274025887, "f1_score": 94.4012682657844, "confusion": [[24, 0, 0, 0, 0], [0, 28, 3, 0, 0], [2, 1, 23, 0, 0], [0, 0, 0, 40, 0], [0, 2, 0, 0, 35]], "pred_score": [0.9529663324356079, 0.6050140261650085, 0.9978748559951782, 0.9924718141555786, 0.9976080656051636, 0.999790608882904, 0.9999018907546997, 0.9996756315231323, 0.9999614953994751, 0.996483325958252, 0.9906609654426575, 0.8422043323516846, 0.9995101690292358, 0.9961673617362976, 0.9962636828422546, 0.5253340005874634, 0.9999078512191772, 0.9989897608757019, 0.9999276399612427, 0.7472618222236633, 0.46636703610420227, 0.49698853492736816, 0.9992819428443909, 0.9995858073234558, 0.6936718225479126, 0.9449241757392883, 0.9999423027038574, 0.9986458420753479, 0.9999644756317139, 0.9988841414451599, 0.9994040727615356, 0.9998644590377808, 0.9919254183769226, 0.7815389633178711, 0.8549360036849976, 0.9986080527305603, 0.9786908626556396, 0.5072982907295227, 0.9850996136665344, 0.9999548196792603, 0.9899506568908691, 0.9965388774871826, 0.9994227886199951, 0.999572217464447, 0.8277185559272766, 0.9562700986862183, 0.9763619303703308, 0.9924628734588623, 0.9999865293502808, 0.9868661761283875, 0.9993817806243896, 0.9940177202224731, 0.711925208568573, 0.9984267950057983, 0.9666684865951538, 0.45733001828193665, 0.48115670680999756, 0.5814530253410339, 0.9966357350349426, 0.9999616146087646, 0.997502863407135, 0.9948670864105225, 0.9018025398254395, 0.9982499480247498, 0.9990589022636414, 0.5936770439147949, 0.9985997080802917, 0.4732372462749481, 0.9999635219573975, 0.514094889163971, 0.9954102635383606, 0.9987586736679077, 0.9648511409759521, 0.9848642945289612, 0.9994969367980957, 0.6711578965187073, 0.999322772026062, 0.9984092116355896, 0.9850153923034668, 0.6798617839813232, 0.9965871572494507, 0.996522068977356, 0.9841949939727783, 0.39642220735549927, 0.7665317058563232, 0.9951653480529785, 0.6392179727554321, 0.9422116279602051, 0.9748285412788391, 0.9991288781166077, 0.9486240148544312, 0.9833686947822571, 0.9995183944702148, 0.9978906512260437, 0.9914078116416931, 0.7632458209991455, 0.9995549321174622, 0.9845373630523682, 0.9297568798065186, 0.9995290040969849, 0.6185980439186096, 0.9257559776306152, 0.9737382531166077, 0.9922916293144226, 0.48335903882980347, 0.9971297383308411, 0.9997888207435608, 0.8792823553085327, 0.9925692677497864, 0.9380003213882446, 0.9438623785972595, 0.985663890838623, 0.8450158834457397, 0.9995935559272766, 0.9994864463806152, 0.9955991506576538, 0.842770516872406, 0.9905124306678772, 0.9998352527618408, 0.9153096675872803, 0.802344799041748, 0.9521852135658264, 0.996283233165741, 0.7438517212867737, 0.9933784604072571, 0.9914611577987671, 0.999039351940155, 0.6504487991333008, 0.9998921155929565, 0.6169977188110352, 0.9986634254455566, 0.9994381070137024, 0.9999704360961914, 0.8636897206306458, 0.9922164678573608, 0.9995579123497009, 0.8042418956756592, 0.9985173344612122, 0.9547597765922546, 0.9798665046691895, 0.9816599488258362, 0.9979130625724792, 0.9952437281608582, 0.9292827844619751, 0.9987072944641113, 0.8473035097122192, 0.9999721050262451, 0.9787382483482361, 0.9980078339576721, 0.999556839466095, 0.9998615980148315, 0.9978318810462952, 0.9738557934761047, 0.9999362230300903, 0.8962964415550232, 0.9993425011634827, 0.9995474219322205, 0.9941217303276062]}