{"accuracy_top-1": 100.0, "precision": 100.0, "recall": 100.0, "f1_score": 100.0, "confusion": [[27, 0], [0, 31]], "pred_score": [0.9998123049736023, 0.9999980926513672, 1.0, 0.9999997615814209, 0.9999998807907104, 0.9998472929000854, 0.9997767806053162, 0.9999996423721313, 0.9995367527008057, 1.0, 1.0, 0.9997918009757996, 0.9999985694885254, 0.9997168183326721, 0.999822199344635, 0.9999954700469971, 0.9998263716697693, 0.9999948740005493, 0.9999963045120239, 0.9478919506072998, 0.9999216794967651, 0.9998762607574463, 0.9995923638343811, 0.9999988079071045, 0.999946117401123, 0.9999958276748657, 0.9991562366485596, 0.9998764991760254, 0.999929666519165, 0.9999990463256836, 1.0, 0.9999998807907104, 0.9998134970664978, 0.9999266862869263, 0.9999986886978149, 0.9999772310256958, 0.9999871253967285, 0.9994645714759827, 1.0, 0.9999771118164062, 0.9998818635940552, 0.9999991655349731, 0.9998610019683838, 0.9999396800994873, 0.9999985694885254, 1.0, 1.0, 0.9999997615814209, 0.9999727010726929, 0.9854519963264465, 0.9999845027923584, 0.9999991655349731, 0.9999321699142456, 0.9851201176643372, 0.9998550415039062, 0.9949408769607544, 0.9999996423721313, 0.9999270439147949]}