{"accuracy_top-1": 100.0, "precision": 100.0, "recall": 100.0, "f1_score": 100.0, "confusion": [[29, 0], [0, 29]], "pred_score": [1.0, 1.0, 1.0, 0.9999998807907104, 1.0, 0.9999247789382935, 0.9999998807907104, 0.9999021291732788, 0.9997972846031189, 0.9999722242355347, 0.9999997615814209, 0.9999995231628418, 1.0, 0.9999332427978516, 0.9999942779541016, 0.9999344348907471, 0.9996157884597778, 0.9999270439147949, 0.9994706511497498, 1.0, 0.9999998807907104, 0.9999998807907104, 1.0, 0.9999138116836548, 0.9999452829360962, 0.9999274015426636, 0.9999743700027466, 0.9999998807907104, 0.9999998807907104, 0.9999287128448486, 0.9998937845230103, 0.9996821880340576, 0.9999253749847412, 0.9998701810836792, 0.9998995065689087, 0.9998568296432495, 0.9999547004699707, 1.0, 1.0, 0.9999997615814209, 1.0, 1.0, 0.9998884201049805, 0.9999998807907104, 0.99944669008255, 1.0, 0.9998912811279297, 0.9999998807907104, 0.9999998807907104, 0.9998985528945923, 0.9999222755432129, 0.9999998807907104, 0.9998935461044312, 0.9998292922973633, 0.9999383687973022, 1.0, 0.9999998807907104, 0.9999998807907104]}