{"accuracy_top-1": 100.0, "precision": 100.0, "recall": 100.0, "f1_score": 100.0, "confusion": [[26, 0], [0, 31]], "pred_score": [1.0, 0.9974281191825867, 1.0, 1.0, 1.0, 0.9998487234115601, 0.9997796416282654, 0.9998824596405029, 1.0, 0.9998102784156799, 1.0, 0.9998503923416138, 1.0, 1.0, 0.9998342990875244, 0.9997578263282776, 0.9997151494026184, 1.0, 1.0, 1.0, 1.0, 0.9971381425857544, 1.0, 0.999871015548706, 1.0, 0.9994385838508606, 1.0, 1.0, 1.0, 0.9982914328575134, 0.9998306035995483, 1.0, 1.0, 1.0, 0.9997962117195129, 0.9981135129928589, 0.999872088432312, 1.0, 0.9996837377548218, 0.99459308385849, 0.8416284322738647, 1.0, 1.0, 0.9952926635742188, 1.0, 1.0, 0.9928603768348694, 1.0, 1.0, 1.0, 0.9998990297317505, 1.0, 1.0, 0.9998176693916321, 0.9980683922767639, 1.0, 0.9998387098312378]}