{"accuracy_top-1": 98.27586364746094, "precision": 98.38709677419355, "recall": 98.21428571428572, "f1_score": 98.27123695976155, "confusion": [[30, 0], [1, 27]], "pred_score": [0.9999831914901733, 0.999953031539917, 0.9999759197235107, 1.0, 1.0, 0.9999972581863403, 0.9999972581863403, 1.0, 0.9999983310699463, 0.9999948740005493, 1.0, 1.0, 1.0, 1.0, 1.0, 1.0, 1.0, 0.9999942779541016, 0.9999948740005493, 0.8802205920219421, 1.0, 1.0, 1.0, 0.9998964071273804, 0.9709414839744568, 1.0, 0.9999985694885254, 0.9987672567367554, 1.0, 0.9984177350997925, 0.9999473094940186, 1.0, 1.0, 1.0, 1.0, 0.9999984502792358, 1.0, 0.9999959468841553, 0.9999982118606567, 1.0, 1.0, 0.9999489784240723, 0.9999445676803589, 0.9999958276748657, 1.0, 1.0, 0.9999977350234985, 0.9999974966049194, 1.0, 0.9999997615814209, 0.9999651908874512, 0.9999723434448242, 0.9999995231628418, 1.0, 0.9958966970443726, 1.0, 1.0, 1.0]}