{"accuracy_top-1": 100.0, "precision": 100.0, "recall": 100.0, "f1_score": 100.0, "confusion": [[28, 0], [0, 29]], "pred_score": [1.0, 0.999850869178772, 0.9998661279678345, 0.9998840093612671, 1.0, 1.0, 0.9998592138290405, 1.0, 1.0, 0.9998480081558228, 0.999846339225769, 0.9998973608016968, 0.9998847246170044, 1.0, 1.0, 1.0, 1.0, 1.0, 1.0, 0.9998437166213989, 1.0, 1.0, 1.0, 0.9998687505722046, 1.0, 0.9961857199668884, 0.9997835755348206, 0.9998573064804077, 0.9998950958251953, 0.9998626708984375, 0.9999099969863892, 0.9998658895492554, 1.0, 1.0, 1.0, 0.9998549222946167, 1.0, 0.9998706579208374, 0.9998831748962402, 1.0, 0.9998533725738525, 0.9999997615814209, 0.9998488426208496, 0.9998608827590942, 0.999883770942688, 1.0, 1.0, 0.9999982118606567, 0.9998816251754761, 1.0, 0.9998975992202759, 0.9998760223388672, 1.0, 0.9998272061347961, 1.0, 0.9999998807907104, 0.9998592138290405]}