{"accuracy_top-1": 100.0, "precision": 100.0, "recall": 100.0, "f1_score": 100.0, "confusion": [[32, 0], [0, 25]], "pred_score": [0.9999657869338989, 0.9999744892120361, 0.9999512434005737, 0.9999591112136841, 0.9999325275421143, 0.9999212026596069, 0.9998606443405151, 0.9999984502792358, 1.0, 1.0, 0.999935507774353, 1.0, 0.9999991655349731, 0.9999583959579468, 0.9999998807907104, 0.9998575448989868, 1.0, 0.999806821346283, 0.9811789393424988, 0.9267196655273438, 0.9999417066574097, 0.9997180104255676, 0.9999980926513672, 0.9999997615814209, 1.0, 0.9999275207519531, 0.9999057054519653, 0.9999943971633911, 1.0, 1.0, 1.0, 1.0, 0.9999216794967651, 0.9999511241912842, 1.0, 1.0, 0.9998506307601929, 0.9999995231628418, 1.0, 0.9999998807907104, 0.9999986886978149, 1.0, 0.9999666213989258, 0.9998539686203003, 1.0, 0.9999614953994751, 0.9957642555236816, 1.0, 1.0, 0.9999464750289917, 0.9999264478683472, 1.0, 0.9996548891067505, 0.9999638795852661, 0.9999582767486572, 0.9999934434890747, 0.9999626874923706]}