{"accuracy_top-1": 98.24561309814453, "precision": 98.07692307692308, "recall": 98.4375, "f1_score": 98.22595704948645, "confusion": [[31, 1], [0, 25]], "pred_score": [0.9999459981918335, 0.9998736381530762, 0.9999879598617554, 0.9999953508377075, 0.9999923706054688, 0.9999974966049194, 0.9999771118164062, 0.9997389912605286, 0.9992846846580505, 0.974138081073761, 0.9999927282333374, 0.999962329864502, 0.9999403953552246, 0.9999377727508545, 0.9949153661727905, 0.9999961853027344, 0.9999575614929199, 0.9999840259552002, 0.9994285702705383, 0.9998970031738281, 0.999816358089447, 0.9999644756317139, 0.9999896287918091, 0.9998254179954529, 0.9999220371246338, 0.9999392032623291, 0.9999309778213501, 0.9998677968978882, 0.9999470710754395, 0.9999381303787231, 0.9983342289924622, 0.9999605417251587, 0.9999700784683228, 0.9998732805252075, 1.0, 0.9999889135360718, 0.9998878240585327, 0.9999876022338867, 0.9999953508377075, 0.6843727827072144, 0.9999767541885376, 0.9999991655349731, 0.9999550580978394, 0.9999966621398926, 0.9999986886978149, 0.9999675750732422, 0.9998853206634521, 0.9999328851699829, 0.9998797178268433, 0.9999184608459473, 0.9999799728393555, 0.9999420642852783, 0.9999198913574219, 0.9999994039535522, 0.9999992847442627, 0.9999285936355591, 0.9999934434890747]}