{"accuracy_top-1": 100.0, "precision": 100.0, "recall": 100.0, "f1_score": 100.0, "confusion": [[25, 0], [0, 32]], "pred_score": [0.9999997615814209, 0.999971866607666, 0.9999765157699585, 0.9998821020126343, 0.9999977350234985, 0.9999781847000122, 1.0, 1.0, 0.9999997615814209, 0.9999830722808838, 0.9999997615814209, 0.9999994039535522, 1.0, 0.9999830722808838, 1.0, 0.9999606609344482, 0.9999725818634033, 0.9999996423721313, 0.9999998807907104, 0.9999829530715942, 0.9999798536300659, 0.9999992847442627, 0.9999816417694092, 0.999980092048645, 0.9999991655349731, 1.0, 0.9999722242355347, 0.9999072551727295, 0.9993032217025757, 0.9999747276306152, 0.9999818801879883, 0.9999604225158691, 0.9998660087585449, 0.9999829530715942, 1.0, 0.9999997615814209, 0.9999992847442627, 1.0, 1.0, 0.9999998807907104, 0.9999203681945801, 0.9999802112579346, 0.9999808073043823, 0.9999721050262451, 1.0, 0.999985933303833, 0.9999961853027344, 0.9999576807022095, 0.9999507665634155, 1.0, 0.9999997615814209, 0.9993809461593628, 0.9999511241912842, 0.99994957447052, 1.0, 0.999977707862854, 0.9999836683273315]}