{"accuracy_top-1": 98.27586364746094, "precision": 98.4375, "recall": 98.14814814814815, "f1_score": 98.26295297993411, "confusion": [[31, 0], [1, 26]], "pred_score": [0.9999626874923706, 1.0, 1.0, 1.0, 0.9999343156814575, 0.9999251365661621, 0.9991955161094666, 0.9999927282333374, 0.9999940395355225, 1.0, 1.0, 0.9999749660491943, 0.9999734163284302, 0.9999817609786987, 1.0, 1.0, 0.9956589937210083, 1.0, 0.9999910593032837, 1.0, 1.0, 1.0, 1.0, 0.999984860420227, 1.0, 0.999966025352478, 0.9999347925186157, 0.9999818801879883, 1.0, 0.9999845027923584, 0.9999643564224243, 0.9999812841415405, 1.0, 1.0, 1.0, 1.0, 1.0, 0.9999088048934937, 0.9999825954437256, 0.9983731508255005, 1.0, 0.9999586343765259, 1.0, 1.0, 0.9999518394470215, 0.999991774559021, 0.9998905658721924, 0.9999914169311523, 0.999910831451416, 0.9999998807907104, 0.9999651908874512, 0.9999849796295166, 1.0, 0.999976634979248, 0.9999940395355225, 0.9999698400497437, 0.9999698400497437, 0.9999895095825195]}