{"accuracy_top-1": 100.0, "precision": 100.0, "recall": 100.0, "f1_score": 100.0, "confusion": [[27, 0], [0, 30]], "pred_score": [0.9999996423721313, 0.9999997615814209, 0.9504295587539673, 0.9962917566299438, 0.9663337469100952, 0.9999995231628418, 0.9999991655349731, 0.9999998807907104, 0.9999150037765503, 0.9573707580566406, 1.0, 0.9999988079071045, 0.9580976963043213, 1.0, 0.9345729351043701, 0.7908982634544373, 0.9398397207260132, 0.9916885495185852, 0.9614564180374146, 0.9999982118606567, 0.9283159971237183, 0.9999998807907104, 0.9381833672523499, 0.999966025352478, 0.959791898727417, 0.9999998807907104, 0.7551614046096802, 0.775993287563324, 0.9999995231628418, 0.989509105682373, 0.9999997615814209, 0.9999998807907104, 0.9999997615814209, 0.999998927116394, 0.9583253264427185, 0.9437962174415588, 0.5325780510902405, 0.9554818272590637, 1.0, 0.8755812644958496, 0.9672538638114929, 0.9581776857376099, 0.9549011588096619, 0.9999994039535522, 0.8368707895278931, 0.8797308802604675, 0.915459394454956, 0.8848644495010376, 0.9516865611076355, 0.9999998807907104, 0.9999997615814209, 0.9999990463256836, 0.9597461223602295, 0.9970466494560242, 0.9573373198509216, 1.0, 0.8982044458389282]}