{"accuracy_top-1": 75.55555725097656, "precision": 75.5952380952381, "recall": 75.49407114624506, "f1_score": 75.50717466600693, "confusion": [[18, 5], [6, 16]], "pred_score": [0.9995468258857727, 0.9983993172645569, 0.9929078817367554, 0.9987478256225586, 0.914252758026123, 0.9586097598075867, 0.9923621416091919, 0.9999121427536011, 0.9992603659629822, 0.9999562501907349, 0.9501924514770508, 0.9946615099906921, 0.9999997615814209, 0.9996440410614014, 0.983855664730072, 0.9996330738067627, 0.9886477589607239, 0.9998207688331604, 0.652578592300415, 0.7566792368888855, 0.5031627416610718, 0.9957263469696045, 0.999459445476532, 0.5719558000564575, 0.7525621056556702, 0.9788846969604492, 0.9935286641120911, 0.9630764722824097, 0.7175473570823669, 0.9780732989311218, 0.9790673851966858, 0.9999814033508301, 0.9982070922851562, 0.9974397420883179, 0.9986662864685059, 0.8808341026306152, 0.9993151426315308, 0.8824896812438965, 0.9952499866485596, 0.9598281383514404, 0.9359681606292725, 0.9985927939414978, 0.962141215801239, 0.9987509250640869, 0.988548755645752]}