{"accuracy_top-1": 73.33333587646484, "precision": 72.5, "recall": 73.14814814814815, "f1_score": 72.67206477732793, "confusion": [[13, 5], [7, 20]], "pred_score": [0.9844448566436768, 0.9999921321868896, 0.9985154271125793, 0.9993705153465271, 0.7473222613334656, 0.8537584543228149, 0.9998962879180908, 0.9301983714103699, 0.9999492168426514, 0.9999372959136963, 0.9881471991539001, 0.6255497932434082, 0.926280677318573, 0.9081610441207886, 0.9635387659072876, 0.5342422127723694, 0.9670056700706482, 0.5413915514945984, 0.9646719694137573, 0.5893993377685547, 0.5155670046806335, 0.9330255389213562, 0.9946681261062622, 0.8714252710342407, 0.9988565444946289, 0.9991563558578491, 0.7356956005096436, 0.9992177486419678, 0.7938733696937561, 0.9961658716201782, 0.9972308278083801, 0.9995753169059753, 0.8682147264480591, 0.9805319905281067, 0.9318101406097412, 0.9901648163795471, 0.9997197985649109, 0.9918264150619507, 0.9954999089241028, 0.9985779523849487, 0.9995371103286743, 0.8174437880516052, 0.739741325378418, 0.9978196620941162, 0.9930722117424011]}