{"accuracy_top-1": 80.0, "precision": 80.55555555555557, "recall": 79.46428571428572, "f1_score": 79.63800904977377, "confusion": [[15, 6], [3, 21]], "pred_score": [0.991703987121582, 0.9998378753662109, 0.9964931607246399, 0.780213475227356, 0.8585163354873657, 0.9980027079582214, 0.9987157583236694, 0.5436404943466187, 0.9999808073043823, 0.9916850328445435, 0.9989763498306274, 0.8307785987854004, 0.999197781085968, 0.994037389755249, 0.9999772310256958, 0.998297393321991, 0.9945111274719238, 0.8772038221359253, 0.5646628141403198, 0.999992847442627, 0.9999958276748657, 0.9196761250495911, 0.9972412586212158, 0.9996161460876465, 0.9835779666900635, 0.9997342228889465, 0.9589341282844543, 0.999420166015625, 0.8364574909210205, 0.9995682835578918, 0.9980046153068542, 0.9903016686439514, 0.7417426705360413, 0.9997400641441345, 0.999968409538269, 0.7403935790061951, 0.9381767511367798, 0.9999871253967285, 0.9973435997962952, 0.9985153079032898, 0.9679846167564392, 0.9956828355789185, 0.7969507575035095, 0.7842399477958679, 0.9609002470970154]}