{"accuracy_top-1": 82.60869598388672, "precision": 82.6086956521739, "recall": 83.62573099415205, "f1_score": 82.47619047619048, "confusion": [[21, 6], [2, 17]], "pred_score": [0.9710236191749573, 0.9404590725898743, 0.9999991655349731, 0.9951527118682861, 0.9998865127563477, 0.6634965538978577, 0.9810987114906311, 0.5914549827575684, 0.999004065990448, 0.9948234558105469, 0.9884483218193054, 0.9999843835830688, 0.9989287257194519, 0.997765302658081, 0.9977543950080872, 0.7359068393707275, 0.9400768876075745, 0.9347368478775024, 0.9023746252059937, 0.7067709565162659, 0.539019763469696, 0.9974212646484375, 0.9915828108787537, 0.9995309114456177, 0.9661242961883545, 0.9999369382858276, 0.9963791966438293, 0.9972031116485596, 0.9981282353401184, 0.9999476671218872, 0.9940027594566345, 0.9997498393058777, 0.8610108494758606, 0.998123824596405, 0.9998168349266052, 0.9999004602432251, 0.9987919926643372, 0.9992191791534424, 0.9985933899879456, 0.5689007043838501, 0.9999624490737915, 0.9893227219581604, 0.9369245767593384, 0.9904851317405701, 0.9992722868919373, 0.9961942434310913]}