{"accuracy_top-1": 84.44445037841797, "precision": 84.82142857142857, "recall": 84.82142857142857, "f1_score": 84.44444444444444, "confusion": [[19, 2], [5, 19]], "pred_score": [0.8459467887878418, 0.9993056058883667, 0.986832857131958, 0.998357355594635, 0.9999967813491821, 0.8900558352470398, 0.999944806098938, 0.5268826484680176, 0.9997867941856384, 0.9794777631759644, 0.9999853372573853, 0.9038139581680298, 0.9983353018760681, 0.9714035987854004, 0.9894030094146729, 0.9993211030960083, 0.9906587600708008, 0.9999929666519165, 0.9999998807907104, 0.8653768301010132, 1.0, 1.0, 0.9999970197677612, 0.9993621706962585, 0.9905986189842224, 0.9999569654464722, 0.9999994039535522, 0.8459011316299438, 0.9936255216598511, 0.9970017075538635, 0.9999576807022095, 0.5010597705841064, 0.9999974966049194, 0.889083981513977, 0.6412664651870728, 0.959859311580658, 0.9999947547912598, 0.9999949932098389, 0.9992305040359497, 0.9999903440475464, 0.9789324402809143, 0.7754297852516174, 0.9460871815681458, 0.9994195699691772, 0.992374837398529]}