{"accuracy_top-1": 80.0, "precision": 79.46428571428572, "recall": 80.55555555555557, "f1_score": 79.63800904977377, "confusion": [[21, 6], [3, 15]], "pred_score": [0.8879093527793884, 0.9878230094909668, 0.8462219834327698, 0.9968300461769104, 0.9639949798583984, 0.9998641014099121, 0.9900223612785339, 0.9999966621398926, 0.8246234059333801, 0.931357741355896, 0.9987014532089233, 0.9997326731681824, 0.9989707469940186, 0.997908353805542, 0.9999953508377075, 0.9984102249145508, 0.9999489784240723, 0.9624975323677063, 0.9908993244171143, 0.566864013671875, 0.9983186721801758, 0.9265829920768738, 0.9960720539093018, 0.9969940185546875, 0.5531572103500366, 0.9993016719818115, 0.5726234316825867, 0.9977666139602661, 0.9997511506080627, 0.9820759296417236, 0.9971218705177307, 0.8487880825996399, 0.9977606534957886, 0.7559663653373718, 0.9983052015304565, 0.9398384690284729, 0.9421703219413757, 0.9999727010726929, 0.9999983310699463, 0.9992080330848694, 0.9983348250389099, 0.9936121106147766, 0.7636074423789978, 0.9978117346763611, 0.9961267113685608]}