{"accuracy_top-1": 80.43478393554688, "precision": 80.43478260869566, "recall": 80.96153846153847, "f1_score": 80.35121025154248, "confusion": [[20, 6], [3, 17]], "pred_score": [0.9999977350234985, 0.999862790107727, 0.9999896287918091, 0.9977585077285767, 0.9919711351394653, 0.9994848966598511, 0.728461503982544, 0.5497575998306274, 0.9983327984809875, 0.9983285069465637, 0.9951117634773254, 0.645880401134491, 0.9979615211486816, 0.9942512512207031, 0.9998899698257446, 0.9997742772102356, 0.9995785355567932, 0.999906063079834, 0.9945921301841736, 0.999872088432312, 0.9992443323135376, 0.9999966621398926, 0.9999642372131348, 0.9998012185096741, 0.9897211194038391, 0.9997081160545349, 0.8039103150367737, 0.9524207711219788, 0.997672975063324, 0.9998478889465332, 0.9999725818634033, 0.9996883869171143, 0.9457318186759949, 0.9952883720397949, 0.9999834299087524, 0.9048873782157898, 0.9976364374160767, 0.9976359605789185, 0.9988248944282532, 0.9570735692977905, 0.9977505803108215, 0.9915406107902527, 0.9956254959106445, 0.9999942779541016, 0.9999368190765381, 0.9919074773788452]}