{"accuracy_top-1": 69.56521606445312, "precision": 72.21095334685597, "recall": 70.85714285714286, "f1_score": 69.33333333333334, "confusion": [[18, 3], [11, 14]], "pred_score": [0.9985001087188721, 0.7712206840515137, 1.0, 0.9876393675804138, 0.9999151229858398, 0.5064069032669067, 0.9938522577285767, 0.9973050355911255, 0.9835159182548523, 0.9263983964920044, 0.9999481439590454, 0.971042275428772, 0.9951724410057068, 0.9997245669364929, 0.9959405660629272, 0.9997435212135315, 0.939849317073822, 0.989234447479248, 0.9991422891616821, 0.9836417436599731, 0.8392148017883301, 0.8713371753692627, 0.9781785607337952, 0.9993308782577515, 0.9970186948776245, 0.9703465700149536, 0.9987937211990356, 0.6359460353851318, 0.9919342994689941, 0.7237690687179565, 1.0, 0.7574722766876221, 0.9938606023788452, 0.862247884273529, 0.8637557029724121, 0.9846115708351135, 0.9996583461761475, 0.9992695450782776, 0.9999974966049194, 0.9880318641662598, 0.9999955892562866, 0.9993317723274231, 0.9680548906326294, 0.9998071789741516, 0.9937773942947388, 0.9997991919517517]}