{"accuracy_top-1": 75.55555725097656, "precision": 74.07407407407408, "recall": 74.57983193277312, "f1_score": 74.28571428571428, "confusion": [[22, 6], [5, 12]], "pred_score": [0.6625781059265137, 0.5264428853988647, 0.9984163045883179, 0.9998310804367065, 0.999414324760437, 0.9996335506439209, 0.9996656179428101, 0.9999266862869263, 0.9997949004173279, 0.5347180366516113, 0.9884710311889648, 0.99928218126297, 0.9996618032455444, 0.8934513926506042, 0.9963566064834595, 0.9997249245643616, 0.9999322891235352, 0.9896404147148132, 0.9231170415878296, 0.8988080620765686, 0.8679453134536743, 0.6368744969367981, 0.9999655485153198, 0.9940611720085144, 0.997969925403595, 0.8879709839820862, 0.9975225329399109, 0.9928338527679443, 0.9999862909317017, 0.9995244741439819, 0.9927623867988586, 0.8304046392440796, 0.9999990463256836, 0.9749979972839355, 0.9971016049385071, 0.9891219735145569, 0.9972649812698364, 0.9929789900779724, 0.9999997615814209, 0.9596465229988098, 0.8620056509971619, 0.9998598098754883, 0.9794865846633911, 0.9996985197067261, 0.8791921734809875]}