{"accuracy_top-1": 93.33333587646484, "precision": 93.47826086956522, "recall": 94.0, "f1_score": 93.32013854527463, "confusion": [[20, 0], [3, 22]], "pred_score": [0.7195366024971008, 0.9999552965164185, 0.7494157552719116, 0.8956938982009888, 0.5792628526687622, 0.9465615153312683, 0.9827240109443665, 0.7030605673789978, 0.9799323678016663, 0.9599044919013977, 0.8452721238136292, 0.9695566296577454, 0.8037044405937195, 0.9999922513961792, 0.9613687992095947, 0.9976040720939636, 0.9354518055915833, 0.9940868616104126, 0.981052815914154, 0.9993306398391724, 0.9340606331825256, 0.9244502782821655, 0.9898706078529358, 0.9800601005554199, 0.9935721158981323, 0.9936352968215942, 0.9179489612579346, 0.980030357837677, 0.5185544490814209, 0.9978140592575073, 0.9995560050010681, 0.80556720495224, 0.6735081076622009, 0.925769031047821, 0.866051197052002, 0.5907291769981384, 0.998382568359375, 0.9924067854881287, 0.5233786106109619, 0.9980940222740173, 0.5478275418281555, 0.9895886182785034, 0.9786607027053833, 0.670821487903595, 0.9537032842636108]}